GeneID,Symbol,TaxID,Ensembl,SwissProt,TrEMBL,RefSeq_RNA,RefSeq_Protein
19293,Pvalb,10090,"['ENSMSIG00000020723', 'ENSMUSG00000005716', 'ENSNVIG00000003425']",['P32848'],['Q545M7'],"['NM_001330686.1', 'NM_013645.4']","['NP_001317615.1', 'NP_038673.2']"
6531,SLC6A3,9606,"['ENSG00000142319', 'ENSG00000276996']",['Q01959'],"['A0AAQ5BGN6', 'A0AAQ5BGQ7', 'A0AAQ5BGS7', 'A0ACI8TX57', 'A0ACI8U574']",['NM_001044.5'],['NP_001035.1']
7054,TH,9606,['ENSG00000180176'],['P07101'],"['A0ACI8U525', 'A0ACI8U667', 'E7EQI0', 'F8W8M5', 'H0Y670', 'H0Y677', 'P78428']","['NM_000360.4', 'NM_001440535.1', 'NM_001440536.1', 'NM_001440537.1', 'NM_199292.3', 'NM_199293.3']","['NP_000351.2', 'NP_001427464.1', 'NP_001427465.1', 'NP_001427466.1', 'NP_954986.2', 'NP_954987.2']"
6571,SLC18A2,9606,['ENSG00000165646'],['Q05940'],"['A0ACI8PHI4', 'A0ACI8Q4C0', 'A0ACI8QNJ1', 'A0ACI8T2A3', 'A0ACI8T2K9', 'A0ACI8T2M1']",['NM_003054.6'],['NP_003045.2']
366,AQP9,9606,['ENSG00000103569'],['O43315'],"['A0ACI8PPV4', 'A0ACI8QSK3', 'A0ACI8RHH2', 'A0ACI8S4N4', 'H0YK62']","['NM_001320635.2', 'NM_001320636.1', 'NM_020980.5']","['NP_001307564.1', 'NP_001307565.1', 'NP_066190.2']"
358,AQP1,9606,['ENSG00000240583'],['P29972'],"['A0A494C115', 'A0A494C1U4', 'A0ACI8PQD6', 'A0ACI8RI38', 'A0ACI8S4Z1']","['NM_000385.3', 'NM_001185060.1', 'NM_001185061.1', 'NM_001185062.1', 'NM_001329872.2', 'NM_198098.4']","['NP_001316801.1', 'NP_932766.1']"
361,AQP4,9606,['ENSG00000171885'],['P55087'],"['A0A5F9ZHR4', 'A0A6Q8PGV0', 'A0ACI8RHF7', 'F1DSG4', 'H0Y3H5', 'J3KRM4', 'V9PBN7']","['NM_001317384.3', 'NM_001317387.3', 'NM_001364286.1', 'NM_001364287.1', 'NM_001364289.2', 'NM_001650.7', 'NM_004028.5', 'XM_011525942.4']","['NP_001304313.1', 'NP_001304316.1', 'NP_001351215.1', 'NP_001351216.1', 'NP_001351218.1', 'NP_001641.1', 'NP_004019.1', 'XP_011524244.1']"
857,CAV1,9606,['ENSG00000105974'],['Q03135'],"['A0A7P0YWJ6', 'A0ACI8TRI8', 'A9XTE5', 'C9JKI3', 'E9PCT5', 'F8WDM7', 'Q2TNI1', 'Q59E85', 'Q7Z4F3']","['NM_001172895.1', 'NM_001172896.2', 'NM_001172897.2', 'NM_001753.5']","['NP_001166366.1', 'NP_001166367.1', 'NP_001166368.1', 'NP_001744.2']"
13492,Drd5,10090,"['ENSFALG00000009387', 'ENSMSIG00000025736', 'ENSMUSG00000039358', 'ENSNVIG00000007857']",['Q8BLD9'],['B2RQS5'],['NM_013503.4'],['NP_038531.1']
13489,Drd2,10090,"['ENSMSIG00000013494', 'ENSMUSG00000032259', 'ENSNVIG00000007005']",['P61168'],[],"['NM_001410193.1', 'NM_010077.3']","['NP_001397122.1', 'NP_034207.2']"
920,CD4,9606,['ENSG00000010610'],['P01730'],"['A0A4Y5UGE4', 'A0ACI8RND3', 'A0ACI8RWE1', 'B0AZV7', 'B4DT49', 'F5GYA9', 'F5H480']","['NM_000616.5', 'NM_001195014.3', 'NM_001195015.3', 'NM_001195016.3', 'NM_001195017.3', 'NM_001382705.1', 'NM_001382706.1', 'NM_001382707.1', 'NM_001382714.1', 'NR_036545.1']","['NP_000607.1', 'NP_001181943.1', 'NP_001181944.1', 'NP_001181945.1', 'NP_001181946.1', 'NP_001369634.1', 'NP_001369635.1', 'NP_001369636.1', 'NP_001369643.1']"
6097,RORC,9606,['ENSG00000143365'],['P51449'],"['A0A1W2PRM4', 'A0A494C0H2', 'A0A494C0S6', 'A0A494C174', 'A0A8V8TL94', 'A0ACI8PE57', 'A0ACI8PMV8', 'A0ACI8QBI1', 'A0ACI8R2U5', 'A0ACI8RV59', 'B4DPR1', 'F1D8P6', 'Q6I9R9']","['NM_001001523.2', 'NM_005060.4', 'XM_006711484.5', 'XM_047427201.1', 'XM_054338086.1', 'XM_054338087.1']","['NP_001001523.1', 'NP_005051.2', 'XP_006711547.3', 'XP_047283157.1', 'XP_054194061.1', 'XP_054194062.1']"
33569,Thor,7227,['FBgn0261560'],['Q9XZ56'],[],"['NM_001298659.1', 'NM_057947.4']","['NP_001285588.1', 'NP_477295.1']"
43580,sima,7227,['FBgn0266411'],['Q24167'],"['A0A0B4KHI3', 'A0A0B4LIX2', 'B7Z0S3']","['NM_001144657.3', 'NM_001276171.1', 'NM_001300670.1', 'NM_079845.4']","['NP_001138129.1', 'NP_001263100.1', 'NP_001287599.1', 'NP_524584.2']"
41709,foxo,7227,['FBgn0038197'],['Q95V55'],"['A0A0B4KGN1', 'A0A126GUT4']","['NM_001275628.1', 'NM_001316497.1', 'NM_142073.5', 'NM_206482.3', 'NM_206483.3']","['NP_001262557.1', 'NP_001303426.1', 'NP_650330.3', 'NP_996204.1', 'NP_996205.1']"
53947,A4GALT,9606,['ENSG00000128274'],['Q9NPC4'],"['A0A0S2Z5J1', 'Q5D079']","['NM_001318038.3', 'NM_017436.7', 'NR_146459.3', 'XM_005261644.3', 'XM_005261646.5', 'XM_005261647.4', 'XM_005261648.5', 'XM_006724265.4', 'XM_006724266.4', 'XM_011530233.3', 'XM_017028831.2', 'XM_047441412.1', 'XM_054325708.1', 'XM_054325709.1', 'XM_054325710.1', 'XM_054325711.1', 'XM_054325712.1', 'XM_054325713.1', 'XM_054325714.1', 'XM_054325715.1', 'XM_054325716.1', 'XM_054325717.1']","['NP_001304967.1', 'NP_059132.1', 'XP_005261701.1', 'XP_005261703.1', 'XP_005261704.1', 'XP_005261705.1', 'XP_006724328.1', 'XP_006724329.1', 'XP_011528535.1', 'XP_016884320.1', 'XP_047297368.1', 'XP_054181683.1', 'XP_054181684.1', 'XP_054181685.1', 'XP_054181686.1', 'XP_054181687.1', 'XP_054181688.1', 'XP_054181689.1', 'XP_054181690.1', 'XP_054181691.1', 'XP_054181692.1']"
6804,STX1A,9606,['ENSG00000106089'],['Q16623'],"['A0A0C4DFZ1', 'A0ACI8SHZ0', 'A0ACI8TGX8', 'A0ACI8VS67', 'A8MZ54', 'Q75ME0']","['NM_001165903.2', 'NM_004603.4', 'XM_047420777.1', 'XM_047420778.1', 'XM_054358896.1', 'XM_054358897.1']","['NP_001159375.1', 'NP_004594.1', 'XP_047276733.1', 'XP_047276734.1', 'XP_054214871.1', 'XP_054214872.1']"
2054,STX2,9606,['ENSG00000111450'],['P32856'],"['A0A994J596', 'A0A994J599', 'A0A994J5I9', 'A0A994J5V9', 'A0A994J7R2', 'A0A994J7R5', 'A0A994J835', 'A0A994J840', 'A0ACI8TBS5', 'A0ACI8TCV7', 'J3KNU7']","['NM_001351049.2', 'NM_001351050.2', 'NM_001351051.2', 'NM_001351052.2', 'NM_001413773.1', 'NM_001413774.1', 'NM_001413775.1', 'NM_001980.5', 'NM_194356.4', 'NR_182216.1', 'NR_182217.1', 'XM_017018980.3', 'XM_017018981.3', 'XM_017018982.3', 'XM_017018983.3', 'XM_017018984.2', 'XM_017018988.2', 'XM_017018989.2', 'XM_047428491.1', 'XM_047428492.1', 'XM_047428493.1', 'XM_054371392.1', 'XM_054371393.1', 'XM_054371394.1', 'XM_054371395.1', 'XM_054371396.1', 'XM_054371397.1', 'XM_054371398.1', 'XM_054371399.1', 'XM_054371400.1', 'XM_054371401.1']","['NP_001337978.2', 'NP_001337979.1', 'NP_001337980.1', 'NP_001337981.1', 'NP_001400702.1', 'NP_001400703.1', 'NP_001400704.1', 'NP_001971.2', 'NP_919337.1', 'XP_016874469.1', 'XP_016874470.1', 'XP_016874471.1', 'XP_016874472.1', 'XP_016874473.1', 'XP_016874477.1', 'XP_016874478.1', 'XP_047284447.1', 'XP_047284448.1', 'XP_047284449.1', 'XP_054227367.1', 'XP_054227368.1', 'XP_054227369.1', 'XP_054227370.1', 'XP_054227371.1', 'XP_054227372.1', 'XP_054227373.1', 'XP_054227374.1', 'XP_054227375.1', 'XP_054227376.1']"
84557,MAP1LC3A,9606,['ENSG00000101460'],['Q9H492'],"['A0ACI8S3E2', 'A0ACI8U4I7']","['NM_032514.4', 'NM_181509.3', 'XM_011529084.3', 'XM_011529085.3', 'XM_047440558.1', 'XM_047440559.1', 'XM_054324144.1', 'XM_054324145.1', 'XM_054324146.1', 'XM_054324147.1']","['NP_115903.1', 'NP_852610.1', 'XP_011527386.1', 'XP_011527387.1', 'XP_047296514.1', 'XP_047296515.1', 'XP_054180119.1', 'XP_054180120.1', 'XP_054180121.1', 'XP_054180122.1']"
23435,TARDBP,9606,['ENSG00000120948'],['Q13148'],"['A0A087WTG4', 'A0A087WTZ4', 'A0A087WV68', 'A0A087WVX6', 'A0A087WW61', 'A0A087WX29', 'A0A087WX67', 'A0A087WXQ5', 'A0A087WXV3', 'A0A087WYE7', 'A0A087WYY0', 'A0A087WZC9', 'A0A087WZM1', 'A0A087X260', 'A0A0A0MSV7', 'A0A3B3ISL0', 'A0ACI8SN39', 'B1AKP7', 'G3V162', 'K7EJ99', 'K7EJM5', 'K7EL26', 'K7EN94', 'K7ENM9', 'Q9H256']","['NM_007375.4', 'XR_007058558.1', 'XR_007058559.1', 'XR_007058560.1', 'XR_007058561.1', 'XR_007058562.1', 'XR_007058563.1', 'XR_007058564.1', 'XR_008485970.1', 'XR_008485971.1', 'XR_008485972.1', 'XR_008485973.1', 'XR_008485974.1', 'XR_008485975.1', 'XR_008485976.1', 'XR_008485977.1', 'XR_008485978.1', 'XR_008485979.1', 'XR_008485980.1']",['NP_031401.1']
360,AQP3,9606,['ENSG00000165272'],['Q92482'],"['A0A2R8Y2R4', 'A0A2R8YD22', 'A0A2R8YDV4', 'A0ACI8VQH5', 'B4E034']","['NM_001318144.2', 'NM_004925.5', 'XM_047423348.1', 'XM_054362921.1']","['NP_001305073.1', 'NP_004916.1', 'XP_047279304.1', 'XP_054218896.1']"
10725,NFAT5,9606,['ENSG00000102908'],['O94916'],"['A0A494C020', 'A0A499FIS8', 'A0A499FJX5', 'A0ACI8R3E8', 'A0ACI8RS26', 'A0ACI8SBZ2', 'A0ACI8SW32', 'A0ACI8SW75', 'A0ACI8UYK8', 'H3BP21', 'J3KRL6', 'J3QKS5']","['NM_001113178.3', 'NM_001367709.1', 'NM_006599.4', 'NM_138713.4', 'NM_138714.4', 'NM_173214.3', 'NM_173215.3', 'XM_011522817.4', 'XM_011522820.4', 'XM_011522822.4', 'XM_017022872.3', 'XM_047433510.1', 'XM_047433511.1', 'XM_047433512.1', 'XM_047433513.1', 'XM_047433514.1', 'XM_047433515.1', 'XM_054379401.1', 'XM_054379402.1', 'XM_054379403.1', 'XM_054379404.1', 'XM_054379405.1', 'XM_054379406.1', 'XM_054379407.1', 'XM_054379408.1', 'XM_054379409.1', 'XM_054379410.1', 'XR_007064848.1', 'XR_008489049.1']","['NP_001106649.1', 'NP_001354638.1', 'NP_006590.1', 'NP_619727.2', 'NP_619728.2', 'NP_775321.1', 'NP_775322.1', 'XP_011521119.1', 'XP_011521122.1', 'XP_011521124.1', 'XP_016878361.1', 'XP_047289466.1', 'XP_047289467.1', 'XP_047289468.1', 'XP_047289469.1', 'XP_047289470.1', 'XP_047289471.1', 'XP_054235376.1', 'XP_054235377.1', 'XP_054235378.1', 'XP_054235379.1', 'XP_054235380.1', 'XP_054235381.1', 'XP_054235382.1', 'XP_054235383.1', 'XP_054235384.1', 'XP_054235385.1']"
4790,NFKB1,9606,['ENSG00000109320'],['P19838'],"['A0A494C157', 'A0A494C1E9', 'A0A8V8TLB2', 'A0ACI8Q1W8', 'A0ACI8QL49', 'A0ACI8S5U8', 'A0ACI8TYN3', 'A0ACI8TZ27', 'A0ACI8TZA2', 'A0ACI8VIR6', 'A0ACI8VK16', 'A0ACI8VK20', 'A0ACI8VK21', 'A0ACI8VK53', 'A0ACI8VKC2', 'D6RH30']","['NM_001165412.2', 'NM_001319226.2', 'NM_001382625.1', 'NM_001382626.1', 'NM_001382627.1', 'NM_001382628.1', 'NM_003998.4', 'XM_024454068.1', 'XM_024454069.2', 'XM_047415742.1', 'XM_047415743.1', 'XM_047415744.1', 'XM_054350114.1', 'XM_054350115.1', 'XM_054350116.1', 'XM_054350117.1', 'XM_054350118.1']","['NP_001158884.1', 'NP_001306155.1', 'NP_001369554.1', 'NP_001369555.1', 'NP_001369556.1', 'NP_001369557.1', 'NP_003989.2', 'XP_024309836.1', 'XP_024309837.1', 'XP_047271698.1', 'XP_047271699.1', 'XP_047271700.1', 'XP_054206089.1', 'XP_054206090.1', 'XP_054206091.1', 'XP_054206092.1', 'XP_054206093.1']"
581,BAX,9606,['ENSG00000087088'],['Q07812'],"['A0A0A0MTJ3', 'A0ACI8RQF2', 'H0YA56', 'I6LPK7', 'Q5ZPJ0', 'Q5ZPJ1']","['NM_001291428.2', 'NM_001291429.2', 'NM_001291430.2', 'NM_001291431.2', 'NM_004324.4', 'NM_138761.4', 'NM_138762.2', 'NM_138763.4', 'NM_138764.5', 'NR_027882.2', 'XM_047439168.1']","['NP_001278357.1', 'NP_001278358.1', 'NP_001278359.1', 'NP_001278360.1', 'NP_004315.1', 'NP_620116.1', 'NP_620118.1', 'NP_620119.2', 'XP_047295124.1']"
596,BCL2,9606,['ENSG00000171791'],['P10415'],"['A0A7I2V3S7', 'A0A7I2V4W1', 'A0A7I2V5Q7', 'A0A7I2V5Q9']","['NM_000633.3', 'NM_000657.3', 'NM_001438935.1', 'XM_011526135.4', 'XM_047437733.1', 'XM_047437734.1', 'XM_054318966.1', 'XR_008485021.1']","['NP_000624.2', 'NP_000648.2', 'NP_001425864.1', 'XP_011524437.1', 'XP_047293689.1', 'XP_047293690.1', 'XP_054174941.1']"
1644,DDC,9606,['ENSG00000132437'],['P20711'],"['A0A087WU57', 'A0A087WV24', 'A0A0S2Z3N4', 'A0ACI8QMY7', 'A0ACI8QN02', 'A0ACI8QN53', 'A0ACI8R5N5', 'A0ACI8RJY1', 'A0ACI8RNZ8', 'A0ACI8RTC6', 'A0ACI8RVH6', 'A0ACI8RYI4', 'A0ACI8S404', 'A0ACI8SFS5', 'A0ACI8VAA8', 'C9JMP0', 'F8WER1', 'H7BZF7', 'Q53Y41']","['NM_000790.4', 'NM_001082971.2', 'NM_001242886.2', 'NM_001242887.2', 'NM_001242888.2', 'NM_001242889.2', 'NM_001242890.2', 'XM_005271745.5', 'XM_047419931.1', 'XM_047419932.1', 'XM_054357371.1', 'XM_054357372.1', 'XM_054357373.1']","['NP_000781.2', 'NP_001076440.2', 'NP_001229815.2', 'NP_001229816.2', 'NP_001229817.2', 'NP_001229818.2', 'NP_001229819.2', 'XP_005271802.1', 'XP_047275887.1', 'XP_047275888.1', 'XP_054213346.1', 'XP_054213347.1', 'XP_054213348.1']"
793,CALB1,9606,['ENSG00000104327'],['P05937'],"['A0ACI8QFF6', 'A0ACI8R5A1', 'A0ACI8T0U1', 'E5RG14', 'E5RIZ8']","['NM_001366795.1', 'NM_004929.4']","['NP_001353724.1', 'NP_004920.1']"
7432,VIP,9606,['ENSG00000146469'],['P01282'],"['A0ACI8QMR6', 'H0Y763']","['NM_003381.4', 'NM_194435.3', 'XM_005267135.4', 'XM_006715562.5', 'XM_054356314.1', 'XM_054356315.1']","['NP_003372.1', 'NP_919416.1', 'XP_005267192.1', 'XP_006715625.1', 'XP_054212289.1', 'XP_054212290.1']"
42490,Mvl,7227,['FBgn0011672'],['P49283'],"['A0A0B4K7L4', 'A0A0B4KGL5', 'A4V370', 'B5X0J8']","['NM_001170197.1', 'NM_001260292.1', 'NM_001275866.1', 'NM_079701.5', 'NM_169944.3', 'NM_206529.2']","['NP_001163668.1', 'NP_001247221.1', 'NP_001262795.1', 'NP_524425.2', 'NP_732584.1', 'NP_996251.2']"
46415,Fer1HCH,7227,['FBgn0015222'],['Q7KRU8'],"['A0A0B4K6N3', 'A0A0B4KI27', 'B8A405']","['NM_001260437.1', 'NM_001260438.2', 'NM_001276175.2', 'NM_001300679.1', 'NM_080134.4', 'NM_170479.3', 'NM_170480.3', 'NM_170481.3', 'NM_170482.3']","['NP_001247366.1', 'NP_001247367.1', 'NP_001263104.1', 'NP_001287608.1', 'NP_524873.1', 'NP_733358.1', 'NP_733359.1', 'NP_733360.1', 'NP_733361.1']"
32260,Fer3HCH,7227,['FBgn0030449'],[],"['Q1PJ53', 'Q9VYH1']",['NM_132626.2'],['NP_572854.1']
7056,THBD,9606,['ENSG00000178726'],['P07204'],[],['NM_000361.3'],['NP_000352.1']
3091,HIF1A,9606,['ENSG00000100644'],['Q16665'],"['A0ACI8R717', 'A0ACI8SEG4', 'A0ACI8SXR0', 'A0ACI8SXS2', 'A0ACI8SXW7', 'A0ACI8SXY2', 'A0ACI8SXY3', 'A0ACI8SXZ0', 'A0ACI8SXZ3', 'A0ACI8SY66', 'A0ACI8SYA3', 'A0ACI8SYA4', 'A0ACI8U455', 'A0ACI8U473', 'A0ACI8U475', 'A0ACI8U493', 'A8MYV6', 'D0VY79']","['NM_001243084.2', 'NM_001530.4', 'NM_181054.3']","['NP_001230013.1', 'NP_001521.1', 'NP_851397.1']"
9314,KLF4,9606,['ENSG00000136826'],['O43474'],"['A0A087X0S4', 'B7ZBT2']","['NM_001314052.2', 'NM_004235.6']","['NP_001300981.1', 'NP_004226.3']"
59341,TRPV4,9606,['ENSG00000111199'],['Q9HBA0'],"['A0A6Q8PFZ3', 'F5H6Q4']","['NM_001177428.2', 'NM_001177431.2', 'NM_001177433.2', 'NM_021625.5', 'NM_147204.3', 'XM_011538630.3', 'XM_011538631.3', 'XM_011538632.3', 'XM_011538633.3', 'XM_011538634.3', 'XM_011538635.3', 'XM_017019774.2', 'XM_047429293.1', 'XM_047429294.1', 'XM_047429295.1', 'XM_047429296.1', 'XM_054372798.1', 'XM_054372799.1', 'XM_054372800.1', 'XM_054372801.1', 'XM_054372802.1', 'XM_054372803.1', 'XM_054372804.1', 'XM_054372805.1', 'XM_054372806.1', 'XM_054372807.1', 'XM_054372808.1']","['NP_001170899.1', 'NP_001170902.1', 'NP_001170904.1', 'NP_067638.3', 'NP_671737.1', 'XP_011536932.2', 'XP_011536933.2', 'XP_011536934.2', 'XP_011536935.2', 'XP_011536936.2', 'XP_011536937.1', 'XP_016875263.1', 'XP_047285249.1', 'XP_047285250.1', 'XP_047285251.1', 'XP_047285252.1', 'XP_054228773.1', 'XP_054228774.1', 'XP_054228775.1', 'XP_054228776.1', 'XP_054228777.1', 'XP_054228778.1', 'XP_054228779.1', 'XP_054228780.1', 'XP_054228781.1', 'XP_054228782.1', 'XP_054228783.1']"
14281,Fos,10090,"['ENSFALG00000024693', 'ENSMPUG00000009153', 'ENSMSIG00000010924', 'ENSMUSG00000021250', 'ENSNVIG00000015338']",['P01101'],[],['NM_010234.3'],['NP_034364.1']
83626,Ugcg,10116,['ENSRNOG00000015644'],['Q9R0E0'],[],['NM_031795.2'],['NP_113983.1']
25240,Aqp1,10116,['ENSRNOG00000011648'],['P29975'],['A0ABK0LD92'],['NM_012778.2'],['NP_036910.1']
170496,Lcn2,10116,['ENSRNOG00000013973'],['P30152'],[],"['NM_130741.2', 'XM_063283025.1', 'XM_063283026.1']","['NP_570097.2', 'XP_063139095.1', 'XP_063139096.1']"
20604,Sst,10090,"['ENSFALG00000007412', 'ENSMSIG00000026310', 'ENSMUSG00000004366', 'ENSNVIG00000020446']",['P60041'],['Q545V6'],"['NM_001417475.1', 'NM_009215.2']","['NP_001404404.1', 'NP_033241.1']"
13488,Drd1,10090,"['ENSMSIG00000007538', 'ENSMUSG00000021478']",['Q61616'],['A0A1Y7VK92'],"['NM_001291801.1', 'NM_010076.3']","['NP_001278730.1', 'NP_034206.1']"
6548,SLC9A1,9606,['ENSG00000090020'],['P19634'],"['A0ACI8PC12', 'B1ALD5', 'B2RAH2']","['NM_003047.5', 'NR_046474.2', 'XM_011542021.4', 'XM_047428769.1', 'XM_054338446.1', 'XM_054338447.1']","['NP_003038.2', 'XP_011540323.1', 'XP_047284725.1', 'XP_054194421.1', 'XP_054194422.1']"
7431,VIM,9606,['ENSG00000026025'],['P08670'],"['A0A1B0GTT5', 'A0A1B0GVG8', 'A0ACI8QCJ9', 'A0ACI8R6P1', 'A0ACI8RS47', 'A0ACI8UE64', 'A0ACI8UE69', 'A0ACI8UE78', 'B0YJC4', 'B0YJC5', 'V9HWE1']",['NM_003380.5'],['NP_003371.2']
5291,PIK3CB,9606,['ENSG00000051382'],['P42338'],"['A0ACI8QI42', 'A0ACI8R0Q4', 'A0ACI8RA30', 'A0ACI8RGJ9', 'A0ACI8U1S4', 'A0ACI8U1Z2', 'A0ACI8U2A4', 'A0ACI8U2B8', 'A0ACI8U2H6', 'A0ACI8U2I5', 'A0ACI8U2L7', 'B4DER4', 'C9J345', 'C9JYX0', 'F8WDJ8', 'H0Y871', 'H7C527', 'H7C565', 'H7C5C3']","['NM_001256045.2', 'NM_001437286.1', 'NM_001437287.1', 'NM_001437288.1', 'NM_001437289.1', 'NM_001437290.1', 'NM_001437291.1', 'NM_001437292.1', 'NM_001437293.1', 'NM_006219.3', 'XM_047448307.1', 'XM_047448309.1', 'XM_047448310.1', 'XM_047448315.1', 'XM_054346851.1', 'XM_054346858.1']","['NP_001242974.1', 'NP_001424215.1', 'NP_001424216.1', 'NP_001424217.1', 'NP_001424218.1', 'NP_001424219.1', 'NP_001424220.1', 'NP_001424221.1', 'NP_001424222.1', 'NP_006210.1', 'XP_047304263.1', 'XP_047304265.1', 'XP_047304266.1', 'XP_047304271.1', 'XP_054202826.1', 'XP_054202833.1']"
79213,Slc6a11,10116,['ENSRNOG00000005697'],['P31647'],[],['NM_024372.2'],['NP_077348.1']
170913,Abcb1a,10116,['ENSRNOG00000008012'],[],['A0A9K3Y745'],"['NM_133401.3', 'XM_006235994.5', 'XM_063285445.1']","['NP_596892.1', 'XP_006236056.1', 'XP_063141515.1']"
24646,Abcb1b,10116,['ENSRNOG00000066042'],[],"['A0A8I6A8Y5', 'A0A8I6AMR4', 'D4A0Y9', 'G3V9J6', 'Q8R427']","['NM_001435556.1', 'NM_001435557.1', 'NM_001435558.1', 'NM_012623.4', 'XM_017592469.3', 'XM_039107052.2', 'XM_039107053.2']","['NP_001422485.1', 'NP_001422486.1', 'NP_001422487.1', 'NP_036755.3', 'XP_017447958.1', 'XP_038962980.1', 'XP_038962981.1']"
171144,Slco4a1,10116,['ENSRNOG00000053430'],[],"['A0A0G2K8R0', 'Q4V8N6']","['NM_133608.2', 'XM_017591449.2', 'XM_039104196.2', 'XM_039104197.2', 'XM_063283042.1', 'XR_005501764.2', 'XR_005501765.2']","['NP_598292.2', 'XP_017446938.1', 'XP_038960124.1', 'XP_038960125.1', 'XP_063139112.1']"
171049,Folr1,10116,['ENSRNOG00000019902'],[],['G3V8M6'],"['NM_133527.2', 'XM_006229842.5', 'XM_017588710.3', 'XM_017588711.3', 'XM_039085665.2', 'XM_039085707.2', 'XM_039085757.2', 'XM_063273293.1', 'XM_063273361.1', 'XM_063273405.1']","['NP_598211.2', 'XP_006229904.1', 'XP_017444199.1', 'XP_017444200.1', 'XP_038941593.1', 'XP_038941635.1', 'XP_038941685.1', 'XP_063129363.1', 'XP_063129431.1', 'XP_063129475.1']"
29723,Slc19a1,10116,['ENSRNOG00000001232'],['Q62866'],['A0A8L2ULJ0'],"['NM_001035232.1', 'NM_017299.2', 'XM_039098630.2', 'XM_039098631.2', 'XM_039098632.2', 'XM_039098633.2', 'XM_039098634.2']","['NP_001030309.1', 'NP_058995.2', 'XP_038954558.1', 'XP_038954559.1', 'XP_038954560.1', 'XP_038954561.1', 'XP_038954562.1']"
50719,Slc7a5,10116,['ENSRNOG00000018824'],['Q63016'],[],['NM_017353.2'],['NP_059049.1']
230908,Tardbp,10090,"['ENSMPUG00000016443', 'ENSMSIG00000011917', 'ENSMUSG00000041459', 'ENSNVIG00000007684']",['Q921F2'],"['A0A087WNY6', 'A0A087WP57', 'A0A087WQ63', 'A0A087WQA5', 'A0A087WQT4', 'A0A087WQX8', 'A0A087WR97', 'A0A087WRP4', 'A0A087WRZ5', 'A0A087WS17', 'A0A087WS74', 'A0A087WSC6', 'A0A087WSE4', 'A0A087WSH7', 'F7CI97', 'F7CMC9', 'F7D711', 'F8WHX5', 'H3BJV1', 'Q544R5', 'Q6VYI4', 'Q6VYI5', 'Q8BLD4', 'Q8BUM1', 'Q8R0B4']","['NM_001003898.3', 'NM_001003899.2', 'NM_001008545.2', 'NM_001008546.2', 'NM_001305425.1', 'NM_145556.4', 'NR_027864.1', 'NR_131120.1', 'NR_149751.1', 'XR_390742.5']","['NP_001003898.1', 'NP_001003899.1', 'NP_001008545.1', 'NP_001008546.1', 'NP_001292354.1', 'NP_663531.1']"
11829,Aqp4,10090,"['ENSMSIG00000029765', 'ENSMUSG00000024411', 'ENSNVIG00000018926']",['P55088'],"['A0A0R4J0Z3', 'A0A3Q4EI78', 'A0A5F8MQ17', 'Q50H70', 'Q8BR89']","['NM_001308641.1', 'NM_001308642.1', 'NM_001308643.1', 'NM_001308644.1', 'NM_001308645.1', 'NM_001308646.1', 'NM_001308647.2', 'NM_001317729.1', 'NM_009700.3']","['NP_001295570.1', 'NP_001295571.1', 'NP_001295572.1', 'NP_001295573.1', 'NP_001295574.1', 'NP_001295575.1', 'NP_001295576.1', 'NP_001304658.1', 'NP_033830.2']"
1401,CRP,9606,['ENSG00000132693'],['P02741'],"['C9JRE9', 'Q5VVP7']","['NM_000567.3', 'NM_001329057.2', 'NM_001329058.2', 'NM_001382703.1']","['NP_000558.2', 'NP_001315986.1', 'NP_001315987.1', 'NP_001369632.1']"
135,ADORA2A,9606,['ENSG00000128271'],['P29274'],"['A8K1F6', 'B3KVQ4', 'C9J0Z4', 'C9J3T2', 'C9JFS2', 'C9JQD8', 'S4R2Z8', 'S4R3A7', 'S4R429', 'X5DNB4']","['NM_000675.6', 'NM_001278497.2', 'NM_001278498.2', 'NM_001278499.2', 'NM_001278500.2', 'NR_103543.2', 'NR_103544.2']","['NP_000666.2', 'NP_001265426.1', 'NP_001265427.1', 'NP_001265428.1', 'NP_001265429.1']"
7038,TG,9606,['ENSG00000042832'],['P01266'],"['E5RG33', 'E7EVM0', 'H0YB42', 'H0YBC5', 'H0YBJ2', 'H0YBL4', 'H0YBQ6', 'H0YBR7', 'H0YBY1']","['NM_003235.5', 'XM_005251038.5', 'XM_005251040.5', 'XM_005251042.5', 'XM_006716622.4', 'XM_017013793.2', 'XM_017013794.2', 'XM_017013795.2', 'XM_017013796.2', 'XM_017013798.2', 'XM_017013799.2', 'XM_017013800.2', 'XM_047422166.1', 'XM_054361123.1', 'XM_054361124.1', 'XM_054361125.1', 'XM_054361126.1', 'XM_054361127.1', 'XM_054361128.1', 'XM_054361129.1', 'XM_054361130.1', 'XM_054361131.1', 'XM_054361132.1', 'XM_054361133.1', 'XM_054361134.1']","['NP_003226.4', 'XP_005251095.1', 'XP_005251097.1', 'XP_005251099.1', 'XP_006716685.1', 'XP_016869282.1', 'XP_016869283.1', 'XP_016869284.1', 'XP_016869285.1', 'XP_016869287.1', 'XP_016869288.1', 'XP_016869289.1', 'XP_047278122.1', 'XP_054217098.1', 'XP_054217099.1', 'XP_054217100.1', 'XP_054217101.1', 'XP_054217102.1', 'XP_054217103.1', 'XP_054217104.1', 'XP_054217105.1', 'XP_054217106.1', 'XP_054217107.1', 'XP_054217108.1', 'XP_054217109.1']"
13370,Dio1,10090,"['ENSMSIG00000014137', 'ENSMUSG00000034785']",['Q61153'],[],['NM_007860.4'],['NP_031886.3']
16491,Kcna3,10090,"['ENSFALG00000003133', 'ENSMPUG00000019911', 'ENSMSIG00000032166', 'ENSMUSG00000047959', 'ENSNVIG00000023230']",['P16390'],[],['NM_008418.3'],['NP_032444.2']
26417,Mapk3,10090,"['ENSMPUG00000012636', 'ENSMSIG00000015568', 'ENSMUSG00000063065', 'ENSNVIG00000000806']",['Q63844'],"['A0A0U1RPX4', 'A0A0U1RPZ0', 'D3Z3G6', 'D3Z6D8']",['NM_011952.2'],['NP_036082.1']
2353,FOS,9606,['ENSG00000170345'],['P01100'],"['A0ACI8RX67', 'A0ACI8UDG3', 'G3V289', 'G3V2V7', 'G3V5J9', 'G3V5N7', 'G3V5N9', 'H0YJM3', 'Q6FG41']",['NM_005252.4'],['NP_005243.1']
18429,Oxt,10090,"['ENSMSIG00000013416', 'ENSMUSG00000027301', 'ENSNVIG00000019896']",['P35454'],['Q545V4'],"['NM_011025.4', 'XM_006498910.5']","['NP_035155.1', 'XP_006498973.1']"
11998,Avp,10090,"['ENSMPUG00000008942', 'ENSMSIG00000013423', 'ENSMUSG00000037727']",['P35455'],['Q3UUQ5'],['NM_009732.2'],['NP_033862.1']
14580,Gfap,10090,"['ENSFALG00000007541', 'ENSMPUG00000008874', 'ENSMSIG00000027794', 'ENSMUSG00000020932', 'ENSNVIG00000022774']",['P03995'],[],"['NM_001131020.1', 'NM_010277.3', 'XM_030245571.2', 'XR_388347.5']","['NP_001124492.1', 'NP_034407.2', 'XP_030101431.1']"
52897,Rbfox3,10090,"['ENSFALG00000027524', 'ENSMPUG00000012319', 'ENSMSIG00000016937', 'ENSMUSG00000025576', 'ENSNVIG00000014360']",['Q8BIF2'],"['A2A4W9', 'B7ZC11']","['NM_001024931.2', 'NM_001039167.1', 'NM_001039168.1', 'NM_001285436.1', 'NM_001285437.1', 'NM_001285438.1', 'XM_006533722.5', 'XM_006533725.5', 'XM_006533726.4', 'XM_006533727.4', 'XM_017314661.2', 'XM_017314662.2', 'XM_017314663.2', 'XM_030246130.2', 'XM_030246131.2', 'XM_030246132.2', 'XM_030246133.1', 'XM_030246134.2', 'XM_030246135.2', 'XM_030246136.1', 'XM_030246137.2', 'XM_030246138.2', 'XM_030246139.1', 'XM_030246140.1', 'XM_030246141.1', 'XM_036156838.1', 'XM_036156839.1', 'XM_036156840.1']","['NP_001020102.2', 'NP_001034256.1', 'NP_001034257.1', 'NP_001272365.1', 'NP_001272366.1', 'NP_001272367.1', 'XP_006533785.1', 'XP_006533788.1', 'XP_006533789.1', 'XP_006533790.1', 'XP_017170150.1', 'XP_017170151.1', 'XP_017170152.1', 'XP_030101990.1', 'XP_030101991.1', 'XP_030101992.1', 'XP_030101993.1', 'XP_030101994.1', 'XP_030101995.1', 'XP_030101996.1', 'XP_030101997.1', 'XP_030101998.1', 'XP_030101999.1', 'XP_030102000.1', 'XP_030102001.1', 'XP_036012731.1', 'XP_036012732.1', 'XP_036012733.1']"
21926,Tnf,10090,"['ENSMSIG00000004462', 'ENSMUSG00000024401', 'ENSNVIG00000016509']",['P06804'],"['A0A0R4J210', 'Q3U593']","['NM_001278601.1', 'NM_013693.3']","['NP_001265530.1', 'NP_038721.1']"
16183,Il2,10090,"['ENSMSIG00000011366', 'ENSMUSG00000027720', 'ENSNVIG00000014254']",['P04351'],[],['NM_008366.3'],['NP_032392.1']
9467,SH3BP5,9606,['ENSG00000131370'],['O60239'],"['A0ACI8Q670', 'A0ACI8QHV1', 'A0ACI8RBM8', 'A0ACI8RJD0', 'A0ACI8RVD8', 'A0ACI8SBX7', 'A0ACI8UEL0', 'A0ACI8UEL5', 'A0ACI8UEM2', 'A0ACI8UF37', 'A0ACI8UGD4', 'C9J140', 'C9JK30', 'C9JNW0', 'F8WDU8']","['NM_001018009.4', 'NM_004844.5', 'XM_011534251.3', 'XM_017007525.2', 'XM_047449240.1', 'XM_047449241.1', 'XM_047449242.1', 'XM_047449244.1', 'XM_047449245.1', 'XM_054348450.1', 'XM_054348451.1', 'XM_054348452.1', 'XM_054348453.1', 'XM_054348454.1', 'XM_054348455.1']","['NP_001018009.2', 'NP_004835.2', 'XP_011532553.1', 'XP_016863014.2', 'XP_047305196.1', 'XP_047305197.1', 'XP_047305198.1', 'XP_047305200.1', 'XP_047305201.1', 'XP_054204425.1', 'XP_054204426.1', 'XP_054204427.1', 'XP_054204428.1', 'XP_054204429.1', 'XP_054204430.1']"
24768,Scnn1g,10116,['ENSRNOG00000017842'],['P37091'],['G3V8A6'],['NM_017046.2'],['NP_058742.2']
24523,Klk1,10116,['ENSRNOG00000068378'],['P36373'],"['A0A0G2K6G1', 'G3V8H1']",['NM_012593.2'],['NP_036725.2']
4846,NOS3,9606,['ENSG00000164867'],['P29474'],"['A0ACI8U7M6', 'A0ACI8U7S4', 'A0S0A6', 'E7ESA7', 'H7C4V4']","['NM_000603.5', 'NM_001160109.2', 'NM_001160110.1', 'NM_001160111.1']","['NP_000594.2', 'NP_001153581.1', 'NP_001153582.1', 'NP_001153583.1']"
7422,VEGFA,9606,['ENSG00000112715'],['P15692'],"['A0A0A0MSH5', 'A0A0Y0IMM4', 'A2A2V4', 'H0YBI8', 'H0YBZ0']","['NM_001025366.3', 'NM_001025367.3', 'NM_001025368.3', 'NM_001025369.3', 'NM_001025370.3', 'NM_001033756.3', 'NM_001171622.2', 'NM_001171623.2', 'NM_001171624.2', 'NM_001171625.2', 'NM_001171626.2', 'NM_001171627.2', 'NM_001171628.2', 'NM_001171629.2', 'NM_001171630.2', 'NM_001204384.2', 'NM_001204385.2', 'NM_001287044.2', 'NM_001317010.2', 'NM_003376.6']","['NP_001020537.2', 'NP_001020538.2', 'NP_001020539.2', 'NP_001020540.2', 'NP_001020541.2', 'NP_001028928.1', 'NP_001165093.1', 'NP_001165094.1', 'NP_001165095.1', 'NP_001165096.1', 'NP_001165097.1', 'NP_001165098.1', 'NP_001165099.1', 'NP_001165100.1', 'NP_001165101.1', 'NP_001191313.1', 'NP_001191314.1', 'NP_001273973.1', 'NP_001303939.1', 'NP_003367.4']"
2321,FLT1,9606,['ENSG00000102755'],['P17948'],"['A0A1W2PNW4', 'A0ACI8R803', 'A0ACI8RLP3', 'A0ACI8RPN7', 'A0ACI8SG32']","['NM_001159920.2', 'NM_001160030.2', 'NM_001160031.1', 'NM_001445916.1', 'NM_002019.4']","['NP_001153392.1', 'NP_001153502.1', 'NP_001153503.1', 'NP_001432845.1', 'NP_002010.2']"
775,CACNA1C,9606,"['ENSG00000151067', 'ENSG00000285479']",['Q13936'],"['A0A087WUX4', 'A0A0A0MR67', 'A0A0A0MSA1', 'A0A5F9ZHD9', 'A0A804HHT8', 'A0A804HI37', 'A0A804HIJ8', 'A0A804HIR0', 'A0A804HIZ0', 'A0A804HJ44', 'A0A804HJB6', 'A0A804HJR1', 'A0A804HKC4', 'A0A804HKE9', 'A0AA34QVT1', 'E9PDI6', 'F5GY28', 'F5H522', 'F5H638', 'Q59GU3', 'Q5V9X9']","['NM_000719.7', 'NM_001129827.2', 'NM_001129829.2', 'NM_001129830.3', 'NM_001129831.2', 'NM_001129832.2', 'NM_001129833.2', 'NM_001129834.2', 'NM_001129835.2', 'NM_001129836.2', 'NM_001129837.2', 'NM_001129838.2', 'NM_001129839.2', 'NM_001129840.2', 'NM_001129841.2', 'NM_001129842.2', 'NM_001129843.2', 'NM_001129844.2', 'NM_001129846.2', 'NM_001167623.2', 'NM_001167624.3', 'NM_001167625.2', 'NM_199460.4', 'XM_006719017.3', 'XM_011521020.3', 'XM_011521023.4', 'XM_017019926.3', 'XM_017019927.3', 'XM_017019928.3', 'XM_017019929.3', 'XM_017019930.3', 'XM_017019931.3', 'XM_017019932.3', 'XM_017019933.3', 'XM_017019934.3', 'XM_017019935.3', 'XM_017019939.3', 'XM_017019943.3', 'XM_017019944.3', 'XM_017019945.3', 'XM_017019946.3', 'XM_017019947.3', 'XM_017019948.3', 'XM_017019949.3', 'XM_017019950.3', 'XM_017019953.2', 'XM_017019954.2', 'XM_017019955.3', 'XM_047429513.1', 'XM_047429514.1', 'XM_047429515.1', 'XM_047429516.1', 'XM_047429517.1', 'XM_047429518.1', 'XM_047429519.1', 'XM_047429520.1', 'XM_054332286.1', 'XM_054332287.1', 'XM_054332288.1', 'XM_054332289.1', 'XM_054332290.1', 'XM_054332291.1', 'XM_054332292.1', 'XM_054332293.1', 'XM_054332294.1', 'XM_054332295.1', 'XM_054332296.1', 'XM_054332297.1', 'XM_054332298.1', 'XM_054332299.1', 'XM_054332300.1', 'XM_054332301.1', 'XM_054332302.1', 'XM_054332303.1', 'XM_054332304.1', 'XM_054332305.1', 'XM_054332306.1', 'XM_054332307.1', 'XM_054332308.1', 'XM_054332309.1', 'XM_054332310.1', 'XM_054332311.1', 'XM_054332312.1', 'XM_054332313.1', 'XM_054332314.1', 'XM_054332315.1', 'XM_054332316.1', 'XM_054332317.1', 'XM_054332318.1', 'XM_054373150.1', 'XM_054373151.1', 'XM_054373152.1', 'XM_054373153.1', 'XM_054373154.1', 'XM_054373155.1', 'XM_054373156.1', 'XM_054373157.1', 'XM_054373158.1', 'XM_054373159.1', 'XM_054373160.1', 'XM_054373161.1', 'XM_054373162.1', 'XM_054373163.1', 'XM_054373164.1', 'XM_054373165.1', 'XM_054373166.1', 'XM_054373167.1', 'XM_054373168.1', 'XM_054373169.1', 'XM_054373170.1', 'XM_054373171.1', 'XM_054373172.1', 'XM_054373173.1', 'XM_054373174.1', 'XM_054373175.1', 'XM_054373176.1', 'XM_054373177.1', 'XM_054373178.1', 'XM_054373179.1', 'XM_054373180.1', 'XM_054373181.1', 'XM_054373182.1']","['NP_000710.5', 'NP_001123299.1', 'NP_001123301.1', 'NP_001123302.2', 'NP_001123303.1', 'NP_001123304.1', 'NP_001123305.1', 'NP_001123306.1', 'NP_001123307.1', 'NP_001123308.1', 'NP_001123309.1', 'NP_001123310.1', 'NP_001123311.1', 'NP_001123312.1', 'NP_001123313.1', 'NP_001123314.1', 'NP_001123315.1', 'NP_001123316.1', 'NP_001123318.1', 'NP_001161095.1', 'NP_001161096.2', 'NP_001161097.1', 'NP_955630.3', 'XP_006719080.1', 'XP_011519322.1', 'XP_011519325.1', 'XP_016875415.1', 'XP_016875416.1', 'XP_016875417.1', 'XP_016875418.1', 'XP_016875419.1', 'XP_016875420.1', 'XP_016875421.1', 'XP_016875422.1', 'XP_016875423.1', 'XP_016875424.1', 'XP_016875428.1', 'XP_016875432.1', 'XP_016875433.1', 'XP_016875434.1', 'XP_016875435.1', 'XP_016875436.1', 'XP_016875437.1', 'XP_016875438.1', 'XP_016875439.1', 'XP_016875442.1', 'XP_016875443.1', 'XP_016875444.1', 'XP_047285469.1', 'XP_047285470.1', 'XP_047285471.1', 'XP_047285472.1', 'XP_047285473.1', 'XP_047285474.1', 'XP_047285475.1', 'XP_047285476.1', 'XP_054188261.1', 'XP_054188262.1', 'XP_054188263.1', 'XP_054188264.1', 'XP_054188265.1', 'XP_054188266.1', 'XP_054188267.1', 'XP_054188268.1', 'XP_054188269.1', 'XP_054188270.1', 'XP_054188271.1', 'XP_054188272.1', 'XP_054188273.1', 'XP_054188274.1', 'XP_054188275.1', 'XP_054188276.1', 'XP_054188277.1', 'XP_054188278.1', 'XP_054188279.1', 'XP_054188280.1', 'XP_054188281.1', 'XP_054188282.1', 'XP_054188283.1', 'XP_054188284.1', 'XP_054188285.1', 'XP_054188286.1', 'XP_054188287.1', 'XP_054188288.1', 'XP_054188289.1', 'XP_054188290.1', 'XP_054188291.1', 'XP_054188292.1', 'XP_054188293.1', 'XP_054229125.1', 'XP_054229126.1', 'XP_054229127.1', 'XP_054229128.1', 'XP_054229129.1', 'XP_054229130.1', 'XP_054229131.1', 'XP_054229132.1', 'XP_054229133.1', 'XP_054229134.1', 'XP_054229135.1', 'XP_054229136.1', 'XP_054229137.1', 'XP_054229138.1', 'XP_054229139.1', 'XP_054229140.1', 'XP_054229141.1', 'XP_054229142.1', 'XP_054229143.1', 'XP_054229144.1', 'XP_054229145.1', 'XP_054229146.1', 'XP_054229147.1', 'XP_054229148.1', 'XP_054229149.1', 'XP_054229150.1', 'XP_054229151.1', 'XP_054229152.1', 'XP_054229153.1', 'XP_054229154.1', 'XP_054229155.1', 'XP_054229156.1', 'XP_054229157.1']"
776,CACNA1D,9606,['ENSG00000157388'],['Q01668'],"['A0A1B0GTN0', 'A0A1B0GTP8', 'A0A1B0GU49', 'A0A1B0GUB6', 'A0A1B0GUH2', 'A0A1B0GUN6', 'A0A1B0GVI2', 'A0A1B0GW98', 'A0A1B0GWE1', 'A0A1B0GWF7', 'A0A1W2PQ56', 'A0A5F9Z6M3', 'A0ACI8USL6', 'H0Y879', 'H7C4S8', 'Q59GD8']","['NM_000720.4', 'NM_001128839.3', 'NM_001128840.3', 'XM_005265448.4', 'XM_011534094.3', 'XM_011534096.3', 'XM_011534097.3', 'XM_011534099.3', 'XM_011534100.3', 'XM_017007137.2', 'XM_017007138.2', 'XM_017007139.2', 'XM_017007140.2', 'XM_017007141.2', 'XM_017007142.2', 'XM_017007143.2', 'XM_017007144.2', 'XM_017007145.2', 'XM_047448871.1', 'XM_047448872.1', 'XM_047448873.1', 'XM_047448874.1', 'XM_054347768.1', 'XM_054347769.1', 'XM_054347770.1', 'XM_054347771.1', 'XM_054347772.1', 'XM_054347773.1', 'XM_054347774.1', 'XM_054347775.1', 'XM_054347776.1', 'XM_054347777.1', 'XM_054347778.1', 'XM_054347779.1', 'XM_054347780.1', 'XM_054347781.1', 'XM_054347782.1', 'XM_054347783.1', 'XM_054347784.1', 'XM_054347785.1', 'XM_054347786.1']","['NP_000711.1', 'NP_001122311.1', 'NP_001122312.1', 'XP_005265505.1', 'XP_011532396.1', 'XP_011532398.1', 'XP_011532399.1', 'XP_011532401.1', 'XP_011532402.1', 'XP_016862626.1', 'XP_016862627.1', 'XP_016862628.1', 'XP_016862629.1', 'XP_016862630.1', 'XP_016862631.1', 'XP_016862632.1', 'XP_016862633.1', 'XP_016862634.1', 'XP_047304827.1', 'XP_047304828.1', 'XP_047304829.1', 'XP_047304830.1', 'XP_054203743.1', 'XP_054203744.1', 'XP_054203745.1', 'XP_054203746.1', 'XP_054203747.1', 'XP_054203748.1', 'XP_054203749.1', 'XP_054203750.1', 'XP_054203751.1', 'XP_054203752.1', 'XP_054203753.1', 'XP_054203754.1', 'XP_054203755.1', 'XP_054203756.1', 'XP_054203757.1', 'XP_054203758.1', 'XP_054203759.1', 'XP_054203760.1', 'XP_054203761.1']"
25130,Stx2,10116,['ENSRNOG00000000936'],['P50279'],"['A0A0H2UHU9', 'A0A8I6AF84', 'A0A8I6GJW7', 'A0ABK0KYN5', 'A0ACJ1N147', 'G3V632', 'Q7TS57']","['NM_001415751.1', 'NM_012748.2', 'XM_006249253.5', 'XM_017598270.3', 'XM_017598271.3', 'XM_039089101.2', 'XM_039089103.2', 'XM_063271077.1']","['NP_001402680.1', 'NP_036880.2', 'XP_006249315.2', 'XP_017453759.2', 'XP_017453760.1', 'XP_038945029.1', 'XP_038945031.1', 'XP_063127147.1']"
10536,P3H3,9606,['ENSG00000110811'],['Q8IVL6'],"['A0ACI8SMJ9', 'A0ACI8U791', 'A0ACI8U798', 'A0ACI8U799', 'A0ACI8U7A7']",['NM_014262.5'],['NP_055077.2']
4681,NBL1,9606,['ENSG00000158747'],['P41271'],"['A0A087WTY6', 'A3KFI1', 'A3KFI2', 'A3KFI3', 'A3KFI4', 'A3KFI5', 'E5RFZ1']","['NM_001204084.3', 'NM_001204085.2', 'NM_001204086.3', 'NM_001278164.2', 'NM_001278165.2', 'NM_001278166.2', 'NM_005380.8', 'NM_182744.4']","['NP_001191013.1', 'NP_001191014.1', 'NP_001191015.1', 'NP_001265093.1', 'NP_001265094.1', 'NP_001265095.1', 'NP_005371.2', 'NP_877421.2']"
3759,KCNJ2,9606,['ENSG00000123700'],['P63252'],[],['NM_000891.3'],['NP_000882.1']
2706,GJB2,9606,['ENSG00000165474'],['P29033'],['H9U1J4'],"['NM_001445918.1', 'NM_001445919.1', 'NM_004004.6', 'XM_011535049.3', 'XM_054374463.1']","['NP_001432847.1', 'NP_001432848.1', 'NP_003995.2', 'XP_011533351.1', 'XP_054230438.1']"
3552,IL1A,9606,['ENSG00000115008'],['P01583'],[],"['NM_000575.5', 'NM_001371554.1']","['NP_000566.3', 'NP_001358483.1']"
1440,CSF3,9606,['ENSG00000108342'],['P09919'],"['A0ACI8UCI7', 'F6V1T2', 'J3KTH8', 'J3QRD4', 'J3QRX2', 'Q6FH65', 'Q8N4W3']","['NM_000759.4', 'NM_001178147.2', 'NM_172219.3', 'NM_172220.3', 'NR_033662.2', 'NR_168489.1', 'NR_168490.1', 'NR_168491.1']","['NP_000750.1', 'NP_001171618.1', 'NP_757373.1', 'NP_757374.2']"
5806,PTX3,9606,['ENSG00000163661'],['P26022'],['A0ACI8VKH5'],['NM_002852.4'],['NP_002843.2']
7130,TNFAIP6,9606,['ENSG00000123610'],['P98066'],[],"['NM_007115.4', 'XM_047445635.1', 'XM_054343598.1']","['NP_009046.2', 'XP_047301591.1', 'XP_054199573.1']"
79689,STEAP4,9606,['ENSG00000127954'],['Q687X5'],['C9JS50'],"['NM_001205315.2', 'NM_001205316.2', 'NM_024636.4']","['NP_001192244.1', 'NP_001192245.1', 'NP_078912.2']"
2921,CXCL3,9606,['ENSG00000163734'],['P19876'],[],['NM_002090.3'],['NP_002081.2']
3627,CXCL10,9606,['ENSG00000169245'],['P02778'],[],"['NM_001565.4', 'NR_168520.1']",['NP_001556.2']
51284,TLR7,9606,['ENSG00000196664'],['Q9NYK1'],['B2R9N9'],['NM_016562.4'],['NP_057646.1']
7099,TLR4,9606,['ENSG00000136869'],['O00206'],['A0A2R8Y7P4'],"['NM_003266.4', 'NM_138554.5', 'NM_138556.1', 'NM_138557.3']","['NP_003257.1', 'NP_612564.1', 'NP_612567.1']"
3586,IL10,9606,['ENSG00000136634'],['P22301'],"['A0A286YEX3', 'A0A590UK12', 'Q6FGW4']","['NM_000572.3', 'NM_001382624.1', 'NR_168466.1', 'NR_168467.1']","['NP_000563.1', 'NP_001369553.1']"
7124,TNF,9606,"['ENSG00000204490', 'ENSG00000206439', 'ENSG00000223952', 'ENSG00000228321', 'ENSG00000228849', 'ENSG00000228978', 'ENSG00000230108', 'ENSG00000232810']",['P01375'],"['A0A8V8TNL2', 'Q5STB3']",['NM_000594.4'],['NP_000585.2']
81818,Vim,10116,['ENSRNOG00000018087'],['P31000'],[],['NM_031140.1'],['NP_112402.1']
569250,ehmt2,7955,['ENSDARG00000102325'],[],"['A0A8N1Z079', 'A0AC58HYP0', 'A0AC58HYP7', 'A0AC58HYQ0', 'A0AC58HYQ1', 'A0AC58HYQ2', 'A0AC58HYQ4', 'A0AC58HYQ5', 'A0AC58HYQ6', 'A0AC58HYQ8', 'A0AC58HYR2', 'A0AC58HYR3', 'A0AC58HYR8', 'A8TT22']","['NM_001113615.2', 'NM_001441503.1', 'NM_001441504.1', 'NM_001441505.1', 'NM_001441506.1', 'NM_001441507.1', 'NM_001441508.1', 'XM_073931012.1', 'XM_073931013.1', 'XM_073931014.1', 'XM_073931015.1', 'XM_073931017.1', 'XM_073931018.1', 'XM_073931019.1', 'XM_087294837.1', 'XM_087294838.1', 'XM_087294839.1', 'XM_087294840.1', 'XM_087294841.1', 'XM_087294842.1', 'XM_087294843.1', 'XR_015468211.1', 'XR_015516102.1']","['NP_001107087.2', 'NP_001428432.1', 'NP_001428433.1', 'NP_001428434.1', 'NP_001428435.1', 'NP_001428436.1', 'NP_001428437.1', 'XP_073787113.1', 'XP_073787114.1', 'XP_073787115.1', 'XP_073787116.1', 'XP_073787118.1', 'XP_073787119.1', 'XP_073787120.1', 'XP_087150963.1', 'XP_087150964.1', 'XP_087150965.1', 'XP_087150966.1', 'XP_087150967.1', 'XP_087150968.1', 'XP_087150969.1']"
573997,zgc:113984,7955,['ENSDARG00000115644'],[],"['A0A8M1N6T3', 'A8E503']",['NM_001025176.4'],['NP_001020347.2']
192302,hdac1,7955,['ENSDARG00000015427'],[],"['A0A2R8QIW0', 'A0A8M1PDZ9', 'Q8JIY7']","['NM_173236.1', 'XM_005159592.6', 'XM_087293865.1']","['NP_775343.1', 'XP_005159649.1', 'XP_087149991.1']"
24932,Cd4,10116,['ENSRNOG00000071219'],['P05540'],[],"['NM_012705.1', 'XM_006237331.5', 'XM_039107080.2']","['NP_036837.1', 'XP_006237393.1', 'XP_038963008.1']"
24699,Ptprc,10116,['ENSRNOG00000000655'],['P04157'],"['A0A8L2QFX7', 'A0A8L2QGD4', 'A0ABK0LH39']","['NM_001109887.2', 'NM_001109888.2', 'NM_001109889.2', 'NM_001109890.2', 'NM_001429494.1', 'NM_138507.3', 'XM_006249912.4', 'XM_008769534.3', 'XM_039090347.1']","['NP_001103357.1', 'NP_001103358.1', 'NP_001103359.1', 'NP_001103360.1', 'NP_001416423.1', 'NP_612516.2', 'XP_006249974.1', 'XP_008767756.1', 'XP_038946275.1']"
3687,ITGAX,9606,['ENSG00000140678'],['P20702'],"['A0A087X131', 'A0ACI8V4Q5', 'A0ACI8V4R9', 'H3BN02']","['NM_000887.5', 'NM_001286375.2', 'XM_011545852.2', 'XM_011545854.2', 'XM_024450263.2', 'XM_047434074.1', 'XM_047434075.1', 'XM_054380273.1', 'XM_054380274.1', 'XM_054380275.1', 'XM_054380276.1', 'XM_054380277.1']","['NP_000878.2', 'NP_001273304.1', 'XP_011544154.1', 'XP_011544156.1', 'XP_024306031.1', 'XP_047290030.1', 'XP_047290031.1', 'XP_054236248.1', 'XP_054236249.1', 'XP_054236250.1', 'XP_054236251.1', 'XP_054236252.1']"
5992,RFX4,9606,['ENSG00000111783'],['Q33E94'],"['A0ACI8V1N3', 'A0ACI8V1P0', 'F6TUS4', 'F8VRD4', 'F8VX50', 'F8VZC4', 'F8W1T9', 'R4GMS3']","['NM_001206691.2', 'NM_002920.3', 'NM_032491.6', 'NM_213594.3']","['NP_001193620.1', 'NP_115880.2', 'NP_998759.1']"
2302,FOXJ1,9606,['ENSG00000129654'],['Q92949'],[],"['NM_001454.4', 'XM_047435666.1']","['NP_001445.2', 'XP_047291622.1']"
79582,SPAG16,9606,['ENSG00000144451'],['Q8N0X2'],"['A0A0C4DG20', 'B4DYB5', 'E7EWV3', 'E9PE90', 'F8WB32', 'F8WBQ0', 'F8WBY1', 'H0Y811', 'Q4G1A2']","['NM_001025436.3', 'NM_024532.5', 'NR_047659.2', 'NR_047660.2', 'XM_006712746.4', 'XM_011511814.2', 'XM_011511815.3', 'XM_011511816.4', 'XM_011511817.3', 'XM_011511818.3', 'XM_011511819.3', 'XM_011511820.3', 'XM_011511823.4', 'XM_011511824.3', 'XM_011511827.3', 'XM_011511828.3', 'XM_011511829.3', 'XM_011511831.3', 'XM_011511832.3', 'XM_011511837.4', 'XM_017004897.1', 'XM_017004898.1', 'XM_017004899.3', 'XM_024453140.2', 'XM_047445817.1', 'XM_054343872.1', 'XM_054343873.1', 'XM_054343874.1', 'XM_054343875.1', 'XM_054343876.1', 'XM_054343877.1', 'XM_054343878.1', 'XM_054343879.1', 'XM_054343880.1', 'XM_054343881.1', 'XM_054343882.1', 'XM_054343883.1', 'XM_054343884.1', 'XM_054343885.1', 'XM_054343886.1', 'XM_054343887.1', 'XM_054343888.1', 'XM_054343889.1', 'XM_054343890.1', 'XM_054343891.1', 'XM_054343892.1']","['NP_001020607.1', 'NP_078808.3', 'XP_006712809.1', 'XP_011510116.1', 'XP_011510117.1', 'XP_011510118.1', 'XP_011510119.1', 'XP_011510120.1', 'XP_011510121.1', 'XP_011510122.1', 'XP_011510125.1', 'XP_011510126.1', 'XP_011510129.1', 'XP_011510130.1', 'XP_011510131.1', 'XP_011510133.1', 'XP_011510134.1', 'XP_011510139.1', 'XP_016860386.1', 'XP_016860387.1', 'XP_016860388.1', 'XP_024308908.1', 'XP_047301773.1', 'XP_054199847.1', 'XP_054199848.1', 'XP_054199849.1', 'XP_054199850.1', 'XP_054199851.1', 'XP_054199852.1', 'XP_054199853.1', 'XP_054199854.1', 'XP_054199855.1', 'XP_054199856.1', 'XP_054199857.1', 'XP_054199858.1', 'XP_054199859.1', 'XP_054199860.1', 'XP_054199861.1', 'XP_054199862.1', 'XP_054199863.1', 'XP_054199864.1', 'XP_054199865.1', 'XP_054199866.1', 'XP_054199867.1']"
54768,HYDIN,9606,['ENSG00000157423'],['Q4G0P3'],"['A0A087WVK9', 'F5GXK3', 'F5H8I6', 'F8WD03', 'H0YF91', 'H0YH52', 'J3KRJ6', 'J3KSY5', 'J3KTP9', 'J3QL30', 'J3QL79', 'J3QQJ7']","['NM_001198542.1', 'NM_001198543.1', 'NM_001270974.2', 'NM_017558.5', 'NM_032821.2']","['NP_001185471.1', 'NP_001185472.1', 'NP_001257903.1', 'NP_060028.2']"
80217,CFAP43,9606,['ENSG00000197748'],['Q8NDM7'],"['A0A0C4DFU9', 'A0ACI8UWK7', 'H0Y4U9', 'H7BZT8', 'Q5TA04', 'Q5TA05']",['NM_025145.7'],['NP_079421.5']
79846,CFAP69,9606,['ENSG00000105792'],['A5D8W1'],"['A0ACI8QUA1', 'A0ACI8RT77', 'A0ACI8UJH7', 'A0ACI8UJI3', 'A0ACI8UJK0', 'A0ACI8UJK5', 'F8WBX7', 'H7BZV2', 'H7C002', 'H7C076', 'H7C3Z7', 'H7C468']","['NM_001039706.3', 'NM_001160138.2', 'NM_001363438.1', 'NM_024788.2', 'XM_005250600.4', 'XM_011516577.3', 'XM_011516578.3', 'XM_011516579.2', 'XM_017012624.2', 'XM_017012625.2', 'XM_017012628.2', 'XM_017012629.2', 'XM_017012631.2', 'XM_017012632.2', 'XM_017012635.3', 'XM_017012638.2', 'XM_017012640.2', 'XM_017012641.2', 'XM_017012642.2', 'XM_047420845.1', 'XM_047420846.1', 'XM_047420847.1', 'XM_047420848.1', 'XM_047420849.1', 'XM_047420850.1', 'XM_047420851.1', 'XM_047420852.1', 'XM_047420853.1', 'XM_047420854.1', 'XM_054359022.1', 'XM_054359023.1', 'XM_054359024.1', 'XM_054359025.1', 'XM_054359026.1', 'XM_054359027.1', 'XM_054359028.1', 'XM_054359029.1', 'XM_054359030.1', 'XM_054359031.1', 'XM_054359032.1', 'XM_054359033.1', 'XM_054359034.1', 'XM_054359035.1', 'XM_054359036.1', 'XM_054359037.1', 'XM_054359038.1', 'XM_054359039.1', 'XM_054359040.1', 'XM_054359041.1', 'XM_054359042.1', 'XM_054359043.1', 'XM_054359044.1', 'XM_054359045.1', 'XM_054359046.1', 'XR_008487759.1', 'XR_008487760.1', 'XR_927530.2', 'XR_927531.3']","['NP_001034795.2', 'NP_001153610.1', 'NP_001350367.1', 'XP_005250657.1', 'XP_011514879.1', 'XP_011514880.1', 'XP_011514881.1', 'XP_016868113.1', 'XP_016868114.1', 'XP_016868117.1', 'XP_016868118.1', 'XP_016868120.1', 'XP_016868121.1', 'XP_016868124.1', 'XP_016868127.1', 'XP_016868129.1', 'XP_016868130.1', 'XP_016868131.1', 'XP_047276801.1', 'XP_047276802.1', 'XP_047276803.1', 'XP_047276804.1', 'XP_047276805.1', 'XP_047276806.1', 'XP_047276807.1', 'XP_047276808.1', 'XP_047276809.1', 'XP_047276810.1', 'XP_054214997.1', 'XP_054214998.1', 'XP_054214999.1', 'XP_054215000.1', 'XP_054215001.1', 'XP_054215002.1', 'XP_054215003.1', 'XP_054215004.1', 'XP_054215005.1', 'XP_054215006.1', 'XP_054215007.1', 'XP_054215008.1', 'XP_054215009.1', 'XP_054215010.1', 'XP_054215011.1', 'XP_054215012.1', 'XP_054215013.1', 'XP_054215014.1', 'XP_054215015.1', 'XP_054215016.1', 'XP_054215017.1', 'XP_054215018.1', 'XP_054215019.1', 'XP_054215020.1', 'XP_054215021.1']"
80129,CCDC170,9606,['ENSG00000120262'],['Q8IYT3'],"['A0ACI8PJW6', 'A0ACI8RBN5', 'A0ACI8S0W6', 'A0ACI8VML4', 'A0ACI8VMW0']","['NM_025059.4', 'XM_011536147.3', 'XM_011536148.3', 'XM_047419372.1', 'XM_054356456.1', 'XM_054356457.1', 'XM_054356458.1']","['NP_079335.2', 'XP_011534449.1', 'XP_011534450.1', 'XP_047275328.1', 'XP_054212431.1', 'XP_054212432.1', 'XP_054212433.1']"
389118,CDHR4,9606,['ENSG00000187492'],['A6H8M9'],"['E9PFE8', 'H7C4N6', 'H7C5B2']","['NM_001007540.4', 'XM_011533700.4', 'XM_011533701.3', 'XM_017006366.1', 'XM_017006367.1', 'XM_017006368.1', 'XM_017006369.1', 'XM_017006370.1', 'XM_017006371.1', 'XM_054346467.1', 'XM_054346468.1', 'XM_054346469.1', 'XM_054346470.1', 'XM_054346471.1', 'XM_054346472.1', 'XM_054346473.1', 'XM_054346474.1', 'XR_001740143.1', 'XR_007095677.1', 'XR_008486715.1', 'XR_008486716.1']","['NP_001007541.2', 'XP_011532002.1', 'XP_011532003.1', 'XP_016861855.1', 'XP_016861856.1', 'XP_016861857.1', 'XP_016861858.1', 'XP_016861859.1', 'XP_016861860.1', 'XP_054202442.1', 'XP_054202443.1', 'XP_054202444.1', 'XP_054202445.1', 'XP_054202446.1', 'XP_054202447.1', 'XP_054202448.1', 'XP_054202449.1']"
6696,SPP1,9606,['ENSG00000118785'],['P10451'],"['A0A804HLB3', 'A0ACI8RQ61', 'A0ACI8S0K2', 'A0ACI8T0T1', 'A0ACM8Q8Q9', 'B7Z351', 'Q3LGB0']","['NM_000582.3', 'NM_001040058.2', 'NM_001040060.2', 'NM_001251829.2', 'NM_001251830.2']","['NP_000573.1', 'NP_001035147.1', 'NP_001035149.1', 'NP_001238758.1', 'NP_001238759.1']"
10457,GPNMB,9606,['ENSG00000136235'],['Q14956'],"['A0A3B3ISS6', 'A0ACI8PWP3', 'A0ACI8PYW2', 'A0ACI8QE81', 'A0ACI8QLE9', 'A0ACI8RXF6', 'A0ACI8S1J4', 'A0ACI8V8P0', 'A0ACI8V8P1', 'A0ACI8V8Q3', 'A0ACI8VD82', 'F6UJV1', 'Q96F58']","['NM_001005340.2', 'NM_002510.3', 'XM_005249578.4', 'XM_017011678.3', 'XM_047419776.1', 'XM_054357088.1', 'XM_054357089.1']","['NP_001005340.1', 'NP_002501.1', 'XP_005249635.1', 'XP_016867167.1', 'XP_047275732.1', 'XP_054213063.1', 'XP_054213064.1']"
968,CD68,9606,['ENSG00000129226'],['P34810'],"['A0ACI8PTT8', 'A0ACI8VBK0', 'A0ACI8VBU7', 'J3KRX0', 'J3KT24']","['NM_001040059.2', 'NM_001251.3']","['NP_001035148.1', 'NP_001242.2']"
11828,Aqp3,10090,"['ENSMPUG00000004092', 'ENSMSIG00000006516', 'ENSMUSG00000028435', 'ENSNVIG00000000445']",['Q8R2N1'],[],['NM_016689.2'],['NP_057898.2']
12367,Casp3,10090,"['ENSMSIG00000027726', 'ENSMUSG00000031628', 'ENSNVIG00000005055']",['P70677'],['A0A1B0GRX1'],"['NM_001284409.1', 'NM_009810.3', 'XM_017312543.3', 'XM_030243266.1']","['NP_001271338.1', 'NP_033940.1', 'XP_017168032.1', 'XP_030099126.1']"
13852,Stx2,10090,"['ENSFALG00000023081', 'ENSMPUG00000004087', 'ENSMSIG00000005267', 'ENSMUSG00000029428', 'ENSNVIG00000022809']",[],"['A0A0G2JE94', 'D3YY94', 'F6VH81', 'F7BTC3', 'Q3TJ55', 'Q80W45']","['NM_001286033.1', 'NM_001286034.1', 'NM_001359022.1', 'NM_007941.3', 'NR_152615.1', 'XM_006504276.2', 'XR_004942435.1', 'XR_004942436.1', 'XR_004942437.1', 'XR_377049.4']","['NP_001272962.1', 'NP_001272963.1', 'NP_001345951.1', 'NP_031967.2', 'XP_006504339.1']"
18976,Pomc,10090,"['ENSMSIG00000029200', 'ENSMUSG00000020660']",['P01193'],"['A0A1W2P724', 'A0A1W2P7R2']","['NM_001278581.1', 'NM_001278582.1', 'NM_001278583.1', 'NM_001278584.1', 'NM_008895.4']","['NP_001265510.1', 'NP_001265511.1', 'NP_001265512.1', 'NP_001265513.1', 'NP_032921.1']"
109648,Npy,10090,"['ENSMSIG00000018434', 'ENSMUSG00000029819', 'ENSNVIG00000012797']",['P57774'],[],['NM_023456.3'],['NP_075945.1']
3354888,rl,7227,['FBgn0003256'],['P40417'],"['A0A0B7P9E0', 'A8Y4W5']","['NM_001015121.3', 'NM_001015122.3', 'NM_001015123.3', 'NM_001110878.4', 'NM_001110879.2', 'NM_001110880.2', 'NM_001300706.2']","['NP_001015121.3', 'NP_001015122.1', 'NP_001015123.1', 'NP_001104348.2', 'NP_001104349.1', 'NP_001104350.1', 'NP_001287635.1']"
43149,Nf1,7227,['FBgn0015269'],[],"['A0A0B4KHX4', 'A0A0B4KI28', 'Q59DT9', 'Q8IMS2', 'Q9VBJ2']","['NM_001014668.2', 'NM_001276049.1', 'NM_001276050.1', 'NM_170252.3', 'NM_170253.2']","['NP_001014668.1', 'NP_001262978.1', 'NP_001262979.1', 'NP_733131.2', 'NP_733132.2']"
6347,CCL2,9606,['ENSG00000108691'],['P13500'],['J3KRT7'],['NM_002982.4'],['NP_002973.1']
6348,CCL3,9606,"['ENSG00000274221', 'ENSG00000277632', 'ENSG00000278567']",['P10147'],['A0N0R1'],"['NM_002983.3', 'NR_168494.1', 'NR_168495.1', 'NR_168496.1']",['NP_002974.1']
6352,CCL5,9606,"['ENSG00000271503', 'ENSG00000274233']",['P13501'],"['A0A075B7C5', 'A0A494C1Q1']","['NM_001278736.2', 'NM_002985.3']","['NP_001265665.1', 'NP_002976.2']"
3439,IFNA1,9606,['ENSG00000197919'],['P0DY56'],['L0N195'],['NM_024013.3'],['NP_076918.1']
5228,PGF,9606,['ENSG00000119630'],['P49763'],"['A0ACI8QNW4', 'A0ACI8RPK0', 'G3XA84', 'Q53XY6', 'Q86TW6']","['NM_001207012.1', 'NM_001293643.1', 'NM_002632.6', 'XM_047431476.1', 'XM_054376219.1']","['NP_001193941.1', 'NP_001280572.1', 'NP_002623.2', 'XP_047287432.1', 'XP_054232194.1']"
100102,Pcsk9,10090,"['ENSMSIG00000028827', 'ENSMUSG00000044254']",['Q80W65'],[],['NM_153565.2'],['NP_705793.1']
12048,Bcl2l1,10090,"['ENSFALG00000023035', 'ENSMSIG00000001188', 'ENSMUSG00000007659', 'ENSNVIG00000019155']",['Q64373'],"['A2AHX7', 'A2AHX8', 'A2AHX9', 'O35843', 'Q5HZH3', 'Q9QWX2']","['NM_001289716.2', 'NM_001289717.2', 'NM_001289739.2', 'NM_001355053.2', 'NM_001416896.1', 'NM_001416897.1', 'NM_001416898.1', 'NM_001416899.1', 'NM_009743.6', 'NR_149254.2', 'XR_374396.4']","['NP_001276645.1', 'NP_001276646.1', 'NP_001276668.1', 'NP_001341982.1', 'NP_001403825.1', 'NP_001403826.1', 'NP_001403827.1', 'NP_001403828.1', 'NP_033873.3']"
12043,Bcl2,10090,"['ENSMPUG00000016516', 'ENSMSIG00000014587', 'ENSMUSG00000057329', 'ENSNVIG00000013614']",['P10417'],"['Q6NTH7', 'Q8BQK4']","['NM_009741.5', 'NM_177410.3']","['NP_033871.2', 'NP_803129.2']"
12122,Bid,10090,"['ENSMSIG00000014015', 'ENSMUSG00000004446']",['P70444'],['D3Z463'],"['NM_007544.4', 'XM_006505409.4', 'XM_006505410.4', 'XM_006505411.5', 'XM_036165767.1']","['NP_031570.2', 'XP_006505472.1', 'XP_006505473.1', 'XP_006505474.1', 'XP_036021660.1']"
11545,Parp1,10090,"['ENSMSIG00000007405', 'ENSMUSG00000026496', 'ENSNVIG00000014805', 'FBgn0010247']",[],"['A0A0A6YVX0', 'A0A0A6YX03', 'A0A0A6YY63', 'F6W4J5', 'Q921K2']",['NM_007415.3'],['NP_031441.2']
16783,Lamp1,10090,"['ENSMPUG00000009948', 'ENSMSIG00000006411', 'ENSMUSG00000031447', 'ENSNVIG00000000172']",['P11438'],"['Q3TA96', 'Q3TX84', 'Q9DC13']","['NM_001317353.1', 'NM_010684.3']","['NP_001304282.1', 'NP_034814.2']"
15978,Ifng,10090,"['ENSMSIG00000010704', 'ENSMUSG00000055170']",['P01580'],['A0A7R8C347'],['NM_008337.4'],['NP_032363.1']
359,AQP2,9606,['ENSG00000167580'],['P41181'],"['F8VPL3', 'F8W0S2']",['NM_000486.6'],['NP_000477.1']
519148,STX2,9913,['ENSBTAG00000007988'],[],"['A0A3Q1MPD9', 'A0A3Q1NEX5', 'A0AAA9TUD7', 'F1MNQ8']","['XM_003587140.5', 'XM_003587141.5', 'XM_010813868.4', 'XM_015475452.3', 'XM_059876308.1']","['XP_003587188.1', 'XP_003587189.2', 'XP_010812170.1', 'XP_015330938.1', 'XP_059732291.1']"
14810,Grin1,10090,"['ENSMSIG00000023294', 'ENSMUSG00000026959']",['P35438'],"['A2AI14', 'A2AI16', 'A2AI17', 'A2AI19', 'A2AI20', 'A2AI21']","['NM_001177656.2', 'NM_001177657.2', 'NM_001372558.1', 'NM_001372559.1', 'NM_001372560.1', 'NM_001372561.1', 'NM_001372562.1', 'NM_008169.3']","['NP_001171127.1', 'NP_001171128.1', 'NP_001359487.1', 'NP_001359488.1', 'NP_001359489.1', 'NP_001359490.1', 'NP_001359491.1', 'NP_032195.1']"
7357,UGCG,9606,['ENSG00000148154'],['Q16739'],"['A0ACI8PDX2', 'A0ACI8PH95', 'A0ACI8SRS7', 'A0ACI8U4F8']","['NM_003358.3', 'XM_017015107.2', 'XM_047423844.1', 'XM_054363745.1', 'XM_054363746.1']","['NP_003349.1', 'XP_016870596.1', 'XP_047279800.1', 'XP_054219720.1', 'XP_054219721.1']"
953,ENTPD1,9606,['ENSG00000138185'],['P49961'],"['A0A0U1RQZ5', 'A0A0U1RR44', 'A0A1W2PQK8', 'A0ACI8PDU0', 'A0ACI8QJ65', 'A0ACI8QJK9', 'A0ACI8RKU8', 'A0ACI8RUW5', 'A0ACI8UTC8', 'A0ACI8UTS5', 'A0ACI8UV48']","['NM_001098175.2', 'NM_001164178.1', 'NM_001164179.2', 'NM_001164181.1', 'NM_001164182.2', 'NM_001164183.2', 'NM_001312654.1', 'NM_001320916.1', 'NM_001440932.1', 'NM_001440933.1', 'NM_001440934.1', 'NM_001440935.1', 'NM_001440936.1', 'NM_001440937.1', 'NM_001440938.1', 'NM_001440939.1', 'NM_001440940.1', 'NM_001440941.1', 'NM_001440942.1', 'NM_001776.6', 'NR_199793.1', 'XM_011540371.3', 'XM_011540373.3', 'XM_011540374.4', 'XM_011540376.3', 'XM_017016963.2', 'XM_017016964.3', 'XM_047426024.1', 'XM_047426026.1', 'XM_047426027.1', 'XM_047426028.1', 'XM_047426029.1', 'XM_054367207.1', 'XM_054367210.1', 'XM_054367211.1', 'XM_054367213.1', 'XM_054367214.1', 'XM_054367215.1', 'XM_054367216.1', 'XM_054367217.1', 'XM_054367218.1']","['NP_001091645.1', 'NP_001157650.1', 'NP_001157651.1', 'NP_001157653.1', 'NP_001157654.1', 'NP_001157655.1', 'NP_001299583.1', 'NP_001307845.1', 'NP_001427861.1', 'NP_001427862.1', 'NP_001427863.1', 'NP_001427864.1', 'NP_001427865.1', 'NP_001427866.1', 'NP_001427867.1', 'NP_001427868.1', 'NP_001427869.1', 'NP_001427870.1', 'NP_001427871.1', 'NP_001767.3', 'XP_011538673.1', 'XP_011538675.3', 'XP_011538676.3', 'XP_011538678.3', 'XP_016872452.1', 'XP_016872453.1', 'XP_047281980.1', 'XP_047281982.1', 'XP_047281983.1', 'XP_047281984.1', 'XP_047281985.1', 'XP_054223182.1', 'XP_054223185.1', 'XP_054223186.1', 'XP_054223188.1', 'XP_054223189.1', 'XP_054223190.1', 'XP_054223191.1', 'XP_054223192.1', 'XP_054223193.1']"
4907,NT5E,9606,['ENSG00000135318'],['P21589'],"['A0ACI8QGD7', 'A0ACI8QNM8', 'A0ACI8S2W8', 'A0ACI8UT94', 'A0ACI8UTB9', 'F6Y7G1', 'H0Y3X5', 'H0Y7R7', 'Q6NZX3']","['NM_001204813.2', 'NM_002526.4']","['NP_001191742.1', 'NP_002517.1']"
24835,Tnf,10116,['ENSRNOG00000070745'],['P16599'],[],['NM_012675.3'],['NP_036807.1']
30659,dnmt3bb.2,7955,"['ENSDARG00000057830', 'ENSDARG00000111746']",[],"['A0A8M1P7X7', 'A0AB32TCP6', 'A0AC58IIM3', 'A0AC58IIM4', 'Q588C7']","['NM_131386.1', 'XM_073937998.1', 'XM_073937999.1', 'XM_073938000.1', 'XM_087305089.1', 'XM_087305090.1', 'XM_087305091.1']","['NP_571461.1', 'XP_073794099.1', 'XP_073794100.1', 'XP_073794101.1', 'XP_087161215.1', 'XP_087161216.1', 'XP_087161217.1']"
83629,Slc12a2,10116,['ENSRNOG00000015971'],[],"['A0A8I5ZP25', 'E9PTX9', 'Q9QX10']","['NM_031798.2', 'XM_006254752.5']","['NP_113986.2', 'XP_006254814.1']"
29517,Sgk1,10116,['ENSRNOG00000011815'],[],"['D4A128', 'F1LXA3', 'Q68G05']","['NM_001193568.1', 'NM_001193569.1', 'NM_019232.3', 'XM_006227723.2', 'XM_039109489.2']","['NP_001180497.1', 'NP_001180498.1', 'NP_062105.2', 'XP_006227785.1', 'XP_038965417.1']"
50721,Sirt6,10090,"['ENSMSIG00000029480', 'ENSMUSG00000034748']",['P59941'],"['D3YY89', 'F7CRR4', 'Q3UKP1']","['NM_001163430.2', 'NM_001378944.1', 'NM_001378945.1', 'NM_181586.4', 'NR_166193.1', 'XM_011243507.4']","['NP_001156902.1', 'NP_001365873.1', 'NP_001365874.1', 'NP_853617.1', 'XP_011241809.1']"
14645,Glul,10090,"['ENSMUSG00000026473', 'ENSNVIG00000018283']",['P15105'],"['A0ABJ3FL53', 'D3YVK1']",['NM_008131.5'],['NP_032157.2']
20682,Sox9,10090,"['ENSFALG00000002572', 'ENSMPUG00000014303', 'ENSMSIG00000011004', 'ENSMUSG00000000567']",['Q04887'],[],['NM_011448.4'],['NP_035578.3']
8128,ST8SIA2,9606,['ENSG00000140557'],['Q92186'],"['A0ACI8UZ27', 'B2R9U8', 'C6G488', 'G3V2T1', 'Q4VAY9']","['NM_001330416.2', 'NM_006011.4', 'XM_017022642.2', 'XM_054378933.1']","['NP_001317345.1', 'NP_006002.1', 'XP_016878131.1', 'XP_054234908.1']"
23673,STX12,9606,['ENSG00000117758'],['Q86Y82'],"['A0ACI8QGW9', 'A0ACI8QKD5', 'A0ACI8V435', 'A0ACI8V8C8', 'A0ACI8V8J5', 'B1AJQ6']",['NM_177424.3'],['NP_803173.1']
6853,SYN1,9606,['ENSG00000008056'],['P17600'],"['A0A1W2PS00', 'A0A1W2PSE9', 'A0ACI8UQM1', 'A0ACI8UQQ2']","['NM_006950.3', 'NM_133499.2']","['NP_008881.2', 'NP_598006.1']"
969,CD69,9606,['ENSG00000110848'],['Q07108'],"['F6Y2Y2', 'Q53ZX0']","['NM_001781.2', 'NR_026671.1', 'NR_026672.1']",['NP_001772.1']
3916,LAMP1,9606,['ENSG00000185896'],['P11279'],"['A0ACI8Q6E3', 'A0ACI8Q8B9', 'A0ACI8QPZ1', 'A0ACI8QWH5', 'A0ACI8S125', 'A0ACI8S3D8', 'A0ACI8S6Q9', 'A0ACI8THQ8', 'A0ACI8UBS9', 'B3KRY3']","['NM_001445942.1', 'NM_005561.4', 'XM_011537494.3', 'XM_047430302.1', 'XM_054374518.1']","['NP_001432871.1', 'NP_005552.3', 'XP_011535796.1', 'XP_047286258.1', 'XP_054230493.1']"
3458,IFNG,9606,['ENSG00000111537'],['P01579'],[],['NM_000619.3'],['NP_000610.2']
27303,RBMS3,9606,['ENSG00000144642'],['Q6XE24'],"['A0A1B0GTI7', 'A0A1B0GUW5', 'A0ACI8PRP5', 'A0ACI8PTX4', 'A0ACI8Q8N6', 'A0ACI8QG40', 'A0ACI8RQM0', 'A0ACI8RY22', 'A0ACI8V905', 'A0ACI8V906', 'A0ACI8V907', 'A0ACI8V921', 'A0ACI8V922', 'A0ACI8VDM2', 'A0ACI8VDR7', 'A0ACI8VEQ0', 'A0ACI8VER4', 'C9J9B2', 'C9JIJ9']","['NM_001003792.3', 'NM_001003793.3', 'NM_001177711.2', 'NM_001177712.2', 'NM_001330696.1', 'NM_014483.4', 'XM_005265061.3', 'XM_005265062.2', 'XM_005265063.3', 'XM_005265065.6', 'XM_017006179.2', 'XM_017006180.2', 'XM_017006181.2', 'XM_024453454.2', 'XM_047447976.1', 'XM_054346189.1', 'XM_054346190.1', 'XM_054346191.1', 'XM_054346192.1', 'XM_054346193.1', 'XM_054346194.1', 'XM_054346195.1', 'XM_054346196.1', 'XM_054346197.1', 'XM_054346198.1']","['NP_001003792.1', 'NP_001003793.1', 'NP_001171182.1', 'NP_001171183.1', 'NP_001317625.1', 'NP_055298.2', 'XP_005265118.1', 'XP_005265119.1', 'XP_005265120.1', 'XP_005265122.1', 'XP_016861668.1', 'XP_016861669.1', 'XP_016861670.1', 'XP_024309222.1', 'XP_047303932.1', 'XP_054202164.1', 'XP_054202165.1', 'XP_054202166.1', 'XP_054202167.1', 'XP_054202168.1', 'XP_054202169.1', 'XP_054202170.1', 'XP_054202171.1', 'XP_054202172.1', 'XP_054202173.1']"
1791,DNTT,9606,['ENSG00000107447'],['P04053'],[],"['NM_001017520.2', 'NM_004088.4']","['NP_001017520.1', 'NP_004079.3']"
20259,Scin,10090,"['ENSMSIG00000001583', 'ENSMUSG00000002565']",['Q60604'],['Q3UWV5'],"['NM_001146196.1', 'NM_009132.2']","['NP_001139668.1', 'NP_033158.2']"
12978,Csf1r,10090,"['ENSMSIG00000002479', 'ENSMUSG00000024621', 'ENSNVIG00000001216']",['P09581'],"['A0A494BA23', 'A0A494BBK8', 'Q0P635', 'Q3UKC6', 'Q6NXV8']","['NM_001037859.2', 'NM_007779.2']",['NP_001032948.2']
4313,MMP2,9606,['ENSG00000087245'],['P08253'],"['H3BR66', 'H3BS34', 'H3BV48', 'J3KRB7']","['NM_001127891.3', 'NM_001302508.1', 'NM_001302509.2', 'NM_001302510.2', 'NM_004530.6']","['NP_001121363.1', 'NP_001289437.1', 'NP_001289438.1', 'NP_001289439.1', 'NP_004521.1']"
59272,ACE2,9606,['ENSG00000130234'],['Q9BYF1'],"['A0A7I2V2E9', 'A0A7I2V3N4', 'A0A7I2V3X6', 'A0A7I2V4H0', 'A0A7I2V5W5', 'A0ACI8PPF0', 'A0ACI8R1Q5', 'A0ACI8RX54', 'A0ACI8USK4']","['NM_001371415.1', 'NM_001386259.1', 'NM_001386260.1', 'NM_001388452.1', 'NM_001389402.1', 'NM_021804.3']","['NP_001358344.1', 'NP_001373188.1', 'NP_001373189.1', 'NP_001375381.1', 'NP_001376331.1', 'NP_068576.1']"
24954,Insr,10116,['ENSRNOG00000029986'],[],"['A0A8I5ZMZ8', 'A0A8J8Y5N6', 'A0A9K3Y780', 'T2CB11']","['NM_017071.2', 'XM_039089096.2', 'XM_039089097.2', 'XM_063271068.1']","['NP_058767.2', 'XP_038945024.1', 'XP_038945025.1', 'XP_063127138.1']"
23621,BACE1,9606,['ENSG00000186318'],['P56817'],"['A0A7P0T924', 'A0A7P0TAB4', 'A0A7P0Z456', 'A0ACI8R591', 'A0ACI8TG12', 'B7Z3K2', 'B7Z3Z4', 'E9PJG7', 'U3KPS1']","['NM_001207048.3', 'NM_001207049.3', 'NM_001411039.1', 'NM_012104.6', 'NM_138971.4', 'NM_138972.4', 'NM_138973.4']","['NP_001193977.1', 'NP_001193978.1', 'NP_001397968.1', 'NP_036236.1', 'NP_620427.1', 'NP_620428.1', 'NP_620429.1']"
14609,Gja1,10090,"['ENSMPUG00000014446', 'ENSMSIG00000026588', 'ENSMUSG00000050953', 'ENSNVIG00000019628']",['P23242'],"['A0A1W2P793', 'A0A1W2P8A3', 'Q8C4N2']","['NM_001428498.1', 'NM_001428499.1', 'NM_001428500.1', 'NM_001428501.1', 'NM_010288.4', 'XM_036155617.1']","['NP_001415427.1', 'NP_001415428.1', 'NP_001415429.1', 'NP_001415430.1', 'NP_034418.1', 'XP_036011510.1']"
11423,Ache,10090,"['ENSMPUG00000015841', 'ENSMSIG00000010105', 'ENSMUSG00000023328', 'ENSNVIG00000001690']",['P21836'],"['A0A0G2JDM6', 'D3Z064', 'Q543Z1']","['NM_001290010.1', 'NM_009599.4', 'XM_036164731.1', 'XR_001784593.3', 'XR_004942425.1']","['NP_001276939.1', 'NP_033729.1', 'XP_036020624.1']"
17196,Mbp,10090,"['ENSFALG00000004700', 'ENSMUSG00000041607']",['P04370'],"['A0A498WGS3', 'D3Z6U4', 'Q3UGF3', 'Q542T4', 'Q5D096']","['NM_001025245.1', 'NM_001025251.2', 'NM_001025254.2', 'NM_001025255.2', 'NM_001025256.2', 'NM_001025258.2', 'NM_001025259.2', 'NM_010777.3', 'XM_006526452.5', 'XM_006526453.4', 'XM_006526454.4', 'XM_006526455.3', 'XM_006526456.4', 'XM_006526457.4', 'XM_006526458.4', 'XM_030250356.1', 'XM_030250358.2', 'XM_036161010.1', 'XM_036161011.1', 'XM_036161013.1', 'XM_036161014.1']","['NP_001020416.1', 'NP_001020422.1', 'NP_001020425.1', 'NP_001020426.1', 'NP_001020427.1', 'NP_001020429.1', 'NP_001020430.1', 'NP_034907.1', 'XP_006526515.1', 'XP_006526516.1', 'XP_006526517.1', 'XP_006526518.1', 'XP_006526519.1', 'XP_006526520.1', 'XP_006526521.1', 'XP_030106216.1', 'XP_030106218.1', 'XP_036016903.1', 'XP_036016904.1', 'XP_036016906.1', 'XP_036016907.1']"
114737,Iba1,10090,[],[],[],[],[]
22348,Slc32a1,10090,"['ENSMSIG00000015584', 'ENSMUSG00000037771', 'ENSNVIG00000012988']",['O35633'],['Q49S98'],"['NM_001421187.1', 'NM_009508.3']","['NP_001408116.1', 'NP_033534.2']"
11838,Arc,10090,"['ENSMSIG00000019111', 'ENSMUSG00000022602', 'ENSNVIG00000014874']",['Q9WV31'],[],"['NM_001276684.1', 'NM_018790.3']","['NP_001263613.1', 'NP_061260.1']"
5420,PODXL,9606,['ENSG00000128567'],['O00592'],"['A0ACI8PT77', 'A0ACI8Q4J0', 'A0ACI8QX37', 'A0ACI8RHJ2', 'A0ACI8RL10', 'A0ACI8RUW0', 'A0ACI8S6I6', 'A0ACI8T6H6', 'A0ACI8T6H8', 'A0ACI8T6J2', 'A0ACI8T7B3', 'A0ACI8T7B6', 'A0ACI8T7C3', 'A0ACI8T7G2', 'A0ACI8T7I7', 'A0ACI8T7M7', 'G3V0E6', 'Q96N83']","['NM_001018111.3', 'NM_005397.4']","['NP_001018121.1', 'NP_005388.2']"
11346,SYNPO,9606,['ENSG00000171992'],['Q8N3V7'],['A0ACI8RL52'],"['NM_001109974.3', 'NM_001166208.2', 'NM_001166209.2', 'NM_001446124.1', 'NM_007286.6', 'XM_005268371.2', 'XM_006714755.4', 'XM_017009008.2', 'XM_024454351.2', 'XM_047416684.1', 'XM_047416685.1', 'XM_047416686.1', 'XM_047416687.1', 'XM_047416688.1', 'XM_047416689.1', 'XM_054351536.1', 'XM_054351537.1', 'XM_054351538.1', 'XM_054351539.1', 'XM_054351540.1', 'XM_054351541.1', 'XM_054351542.1', 'XM_054351543.1', 'XM_054351544.1', 'XM_054351545.1']","['NP_001103444.1', 'NP_001159680.1', 'NP_001159681.1', 'NP_001433053.1', 'NP_009217.3', 'XP_005268428.1', 'XP_006714818.1', 'XP_016864497.1', 'XP_024310119.2', 'XP_047272640.1', 'XP_047272641.1', 'XP_047272642.1', 'XP_047272643.1', 'XP_047272644.1', 'XP_047272645.1', 'XP_054207511.1', 'XP_054207512.1', 'XP_054207513.1', 'XP_054207514.1', 'XP_054207515.1', 'XP_054207516.1', 'XP_054207517.1', 'XP_054207518.1', 'XP_054207519.1', 'XP_054207520.1']"
402974,pitx3,7955,['ENSDARG00000070069'],['Q6QU75'],"['A0AC58H0R0', 'A0AC58H0S4', 'B2GRZ8']","['NM_205675.2', 'XM_073919478.1', 'XM_087277758.1']","['NP_991238.1', 'XP_073775579.1', 'XP_087133884.1']"
2099,ESR1,9606,['ENSG00000091831'],['P03372'],"['A0A0A0MT57', 'A0A125SXW3', 'A0ACI8PZ83', 'A8KAF4', 'B0QYW7', 'F6S6L1', 'G4XH65', 'H0Y4W6', 'Q5T5H8', 'Q9UBT1', 'Q9UE35']","['NM_000125.4', 'NM_001122740.2', 'NM_001122741.2', 'NM_001122742.2', 'NM_001291230.2', 'NM_001291241.2', 'NM_001328100.2', 'NM_001385568.1', 'NM_001385569.1', 'NM_001385570.1', 'NM_001385571.1', 'NM_001385572.1', 'XM_011535543.3', 'XM_011535545.3', 'XM_011535547.3', 'XM_011535549.3', 'XM_017010377.2', 'XM_017010378.2', 'XM_017010379.2', 'XM_017010380.2', 'XM_017010381.2', 'XM_017010383.2', 'XM_047418289.1', 'XM_047418290.1', 'XM_047418291.1', 'XM_047418292.1', 'XM_047418293.1', 'XM_047418294.1', 'XM_047418295.1', 'XM_047418296.1', 'XM_047418297.1', 'XM_047418298.1', 'XM_047418299.1', 'XM_054354472.1', 'XM_054354473.1', 'XM_054354474.1', 'XM_054354475.1', 'XM_054354476.1', 'XM_054354477.1', 'XM_054354478.1', 'XM_054354479.1', 'XM_054354480.1', 'XM_054354481.1', 'XM_054354482.1', 'XM_054354483.1', 'XM_054354484.1', 'XM_054354485.1', 'XM_054354486.1', 'XM_054354487.1', 'XM_054354488.1', 'XM_054354489.1', 'XM_054354490.1', 'XM_054354491.1', 'XM_054354492.1', 'XM_054354493.1']","['NP_000116.2', 'NP_001116212.1', 'NP_001116213.1', 'NP_001116214.1', 'NP_001278159.1', 'NP_001278170.1', 'NP_001315029.1', 'NP_001372497.1', 'NP_001372498.1', 'NP_001372499.1', 'NP_001372500.1', 'NP_001372501.1', 'XP_011533845.1', 'XP_011533847.1', 'XP_011533849.1', 'XP_011533851.1', 'XP_016865866.1', 'XP_016865867.1', 'XP_016865868.1', 'XP_016865869.1', 'XP_016865870.1', 'XP_016865872.1', 'XP_047274245.1', 'XP_047274246.1', 'XP_047274247.1', 'XP_047274248.1', 'XP_047274249.1', 'XP_047274250.1', 'XP_047274251.1', 'XP_047274252.1', 'XP_047274253.1', 'XP_047274254.1', 'XP_047274255.1', 'XP_054210447.1', 'XP_054210448.1', 'XP_054210449.1', 'XP_054210450.1', 'XP_054210451.1', 'XP_054210452.1', 'XP_054210453.1', 'XP_054210454.1', 'XP_054210455.1', 'XP_054210456.1', 'XP_054210457.1', 'XP_054210458.1', 'XP_054210459.1', 'XP_054210460.1', 'XP_054210461.1', 'XP_054210462.1', 'XP_054210463.1', 'XP_054210464.1', 'XP_054210465.1', 'XP_054210466.1', 'XP_054210467.1', 'XP_054210468.1']"
2852,GPER1,9606,['ENSG00000164850'],['Q99527'],"['C9J3W2', 'Q63ZY2']","['NM_001031682.1', 'NM_001039966.2', 'NM_001098201.3', 'NM_001505.3']","['NP_001035055.1', 'NP_001091671.1', 'NP_001496.1']"
2100,ESR2,9606,['ENSG00000140009'],['Q92731'],"['A0A348FV93', 'F1D8N3', 'G3V5S2', 'Q0PTK2', 'Q7LCB3']","['NM_001040275.1', 'NM_001040276.1', 'NM_001214902.1', 'NM_001214903.1', 'NM_001271876.1', 'NM_001271877.1', 'NM_001291712.2', 'NM_001291723.1', 'NM_001437.3', 'NR_073496.2', 'NR_073497.1', 'XM_047431076.1', 'XM_047431077.1', 'XM_047431078.1', 'XM_054375559.1', 'XM_054375560.1', 'XM_054375561.1', 'XM_054375562.1']","['NP_001035365.1', 'NP_001201831.1', 'NP_001258805.1', 'NP_001258806.1', 'NP_001278641.1', 'NP_001278652.1', 'NP_001428.1', 'XP_047287032.1', 'XP_047287033.1', 'XP_047287034.1', 'XP_054231534.1', 'XP_054231535.1', 'XP_054231536.1', 'XP_054231537.1']"
2069,EREG,9606,['ENSG00000124882'],['O14944'],[],['NM_001432.3'],['NP_001423.1']
1499,CTNNB1,9606,['ENSG00000168036'],['P35222'],"['A0A2R8Y543', 'A0A2R8Y5A3', 'A0A2R8Y5C3', 'A0A2R8Y5Z1', 'A0A2R8Y6G0', 'A0A2R8Y750', 'A0A2R8Y7Z0', 'A0A2R8Y804', 'A0A2R8Y815', 'A0A2R8YG06', 'A0AAQ5BIA4', 'A0AAQ5BIB8', 'A0AAQ5BIB9', 'A0AAQ5BIC2', 'A0AAQ5BIC3', 'A0AAQ5BIC6', 'A0ACI8VGW4', 'A0ACM8QGB4', 'B4DGU4']","['NM_001098209.2', 'NM_001098210.2', 'NM_001330729.2', 'NM_001438871.1', 'NM_001438872.1', 'NM_001438873.1', 'NM_001438874.1', 'NM_001438875.1', 'NM_001904.4', 'XM_024453356.2', 'XM_047447478.1', 'XM_047447479.1', 'XM_047447480.1', 'XM_047447482.1', 'XM_054345310.1', 'XM_054345311.1', 'XM_054345312.1', 'XM_054345313.1', 'XM_054345315.1']","['NP_001091679.1', 'NP_001091680.1', 'NP_001317658.1', 'NP_001425800.1', 'NP_001425801.1', 'NP_001425802.1', 'NP_001425803.1', 'NP_001425804.1', 'NP_001895.1', 'XP_024309124.1', 'XP_047303434.1', 'XP_047303435.1', 'XP_047303436.1', 'XP_047303438.1', 'XP_054201285.1', 'XP_054201286.1', 'XP_054201287.1', 'XP_054201288.1', 'XP_054201290.1']"
212541,Rho,10090,"['ENSMPUG00000017225', 'ENSMSIG00000001309', 'ENSMUSG00000030324', 'ENSNVIG00000009693']",['P15409'],"['A0A0N4SUP8', 'A0A0N4SV48', 'A0A0N4SWC6']","['NM_145383.2', 'XM_006505860.2', 'XM_006505861.3', 'XM_017321493.1']","['NP_663358.1', 'XP_006505923.1', 'XP_006505924.1', 'XP_017176982.1']"
108058,Camk2d,10090,"['ENSMSIG00000025272', 'ENSMUSG00000053819']",['Q6PHZ2'],"['A0A0G2JGS4', 'D6RDQ8', 'E9PXV3', 'E9Q1T1', 'E9Q1V9', 'E9Q1W0', 'E9QAJ4', 'F6RWZ9', 'F6TPW1', 'Q8CCM0']","['NM_001025438.2', 'NM_001025439.2', 'NM_001293663.1', 'NM_001293664.1', 'NM_001293665.1', 'NM_001293666.1', 'NM_001346635.1', 'NM_001346636.1', 'NM_023813.4', 'XM_006500818.4', 'XM_006500819.4', 'XM_006500820.4', 'XM_006500822.4', 'XM_006500823.4', 'XM_006500824.4', 'XM_006500825.4', 'XM_006500826.4', 'XM_006500829.4', 'XM_006500833.4', 'XM_006500834.5', 'XM_006500835.4', 'XM_006500836.4', 'XM_006500839.5', 'XM_017319415.2', 'XM_017319416.2', 'XM_017319417.2', 'XM_017319418.2', 'XM_017319419.2', 'XM_017319420.2', 'XM_017319422.2', 'XM_030252340.1', 'XM_030252341.1', 'XM_030252342.1', 'XM_030252343.1', 'XM_030252344.1', 'XM_030252345.1', 'XM_030252346.1', 'XM_036162803.1', 'XM_036162804.1', 'XM_036162805.1', 'XM_036162806.1', 'XM_036162807.1', 'XM_036162808.1', 'XM_036162809.1', 'XM_036162810.1']","['NP_001020609.1', 'NP_001020610.1', 'NP_001280592.1', 'NP_001280593.1', 'NP_001280594.1', 'NP_001280595.1', 'NP_001333564.1', 'NP_001333565.1', 'NP_076302.1', 'XP_006500881.1', 'XP_006500882.1', 'XP_006500883.1', 'XP_006500885.1', 'XP_006500886.1', 'XP_006500887.1', 'XP_006500888.1', 'XP_006500889.1', 'XP_006500892.1', 'XP_006500896.1', 'XP_006500897.1', 'XP_006500898.1', 'XP_006500899.1', 'XP_006500902.1', 'XP_017174904.1', 'XP_017174905.1', 'XP_017174906.1', 'XP_017174907.1', 'XP_017174908.1', 'XP_017174909.1', 'XP_017174911.1', 'XP_030108200.1', 'XP_030108201.1', 'XP_030108202.1', 'XP_030108203.1', 'XP_030108204.1', 'XP_030108205.1', 'XP_030108206.1', 'XP_036018696.1', 'XP_036018697.1', 'XP_036018698.1', 'XP_036018699.1', 'XP_036018700.1', 'XP_036018701.1', 'XP_036018702.1', 'XP_036018703.1']"
7442,TRPV1,9606,['ENSG00000196689'],['Q8NER1'],"['A0A3B3ISI9', 'A0ACI8QHC4', 'A0ACI8VHU3', 'E7EQ78', 'E7ESJ2', 'I3L1R6']","['NM_018727.5', 'NM_080704.4', 'NM_080705.4', 'NM_080706.3']","['NP_061197.4', 'NP_542435.2', 'NP_542436.2', 'NP_542437.2']"
26413,Mapk1,10090,"['ENSFALG00000007935', 'ENSMPUG00000003144', 'ENSMSIG00000017684', 'ENSMUSG00000063358', 'ENSNVIG00000021540']",['P63085'],"['A0A338P736', 'A0A338P781']","['NM_001038663.1', 'NM_001357115.1', 'NM_011949.3', 'NM_028991.1']","['NP_001033752.1', 'NP_001344044.1', 'NP_036079.1']"
3688,ITGB1,9606,['ENSG00000150093'],['P05556'],"['A0A7I2V2F9', 'A0A7I2V2T4', 'A0A7I2V348', 'A0A7I2V5T3', 'A0A7I2V5Z8', 'A0ACI8QPJ2', 'A0ACI8QPK6', 'A0ACI8R706', 'A0ACI8REX3', 'A0ACI8RKY3', 'A0ACI8RU55', 'A0ACI8RWC5', 'A0ACI8RZ65', 'A0ACI8SCX6', 'A0ACI8TMQ5', 'A0ACI8TMZ4', 'A0ACI8VJW3', 'A0ACI8VJW4', 'A0ACI8VJY9', 'A0ACI8VK69', 'C9JNE0', 'C9JPK5', 'E7EQW5', 'E7EUI6', 'E9PLR6', 'E9PQJ2', 'H7C4K3', 'H7C4N8', 'Q5T3E4']","['NM_002211.4', 'NM_033666.2', 'NM_033667.2', 'NM_033668.2', 'NM_033669.2', 'NM_133376.3']","['NP_002202.2', 'NP_391988.1', 'NP_596867.1']"
3569,IL6,9606,['ENSG00000136244'],['P05231'],"['A0A8Q3SJL1', 'A0ACI8V9J2', 'B4DNQ5', 'B4DVM1', 'B5MC14', 'B5MC21', 'B5MCZ3', 'C9J5B0', 'F6VWX4', 'Q75MH2']","['NM_000600.5', 'NM_001318095.2', 'NM_001371096.1', 'XM_005249745.6', 'XM_054358145.1', 'XM_054358146.1']","['NP_000591.1', 'NP_001305024.1', 'NP_001358025.1', 'XP_005249802.1', 'XP_054214120.1', 'XP_054214121.1']"
3576,CXCL8,9606,['ENSG00000169429'],['P10145'],"['A0A8Q3SIG6', 'C9J4T6']","['NM_000584.4', 'NM_001354840.3']","['NP_000575.1', 'NP_001341769.1']"
14617,Gjd2,10090,"['ENSMSIG00000001283', 'ENSMUSG00000068615', 'ENSNVIG00000015463']",['O54851'],[],"['NM_001418348.1', 'NM_001418349.1', 'NM_010290.3']","['NP_001405277.1', 'NP_001405278.1', 'NP_034420.2']"
24782,Slc9a1,10116,['ENSRNOG00000007982'],['P26431'],[],"['NM_012652.2', 'XM_063287163.1', 'XM_063287164.1', 'XR_005504368.2']","['NP_036784.1', 'XP_063143233.1', 'XP_063143234.1']"
25386,Aqp2,10116,['ENSRNOG00000054378'],['P34080'],[],['NM_012909.3'],['NP_037041.3']
11827,Aqp2,10090,"['ENSMPUG00000014526', 'ENSMSIG00000003609', 'ENSMUSG00000023013', 'ENSNVIG00000006033']",['P56402'],['Q3UQD4'],['NM_009699.3'],['NP_033829.3']
20544,Slc9a1,10090,"['ENSMSIG00000026439', 'ENSMUSG00000028854', 'ENSNVIG00000023725']",['Q61165'],['Q3UDC9'],"['NM_001358455.1', 'NM_016981.3', 'XM_006538686.4', 'XM_017320089.2']","['NP_001345384.1', 'NP_058677.1', 'XP_006538749.1', 'XP_017175578.1']"
30725,chrna1,7955,['ENSDARG00000009021'],['Q98880'],[],['NM_131445.1'],['NP_571520.1']
387298,p2rx7,7955,"['ENSDARG00000042440', 'ENSDARG00000116000']",[],"['A0A8M1PCT3', 'A0AB32TT83', 'A0AC58G6F0', 'Q7SZM2']","['NM_198984.3', 'XM_068222891.2', 'XM_073909211.1', 'XM_087262914.1', 'XR_015496907.1']","['NP_945335.2', 'XP_068078992.1', 'XP_073765312.1', 'XP_087119040.1']"
394066,lin28ab,7955,['ENSDARG00000016999'],['Q803L0'],"['A0A2R8Q8W5', 'I3IS11']","['NM_201091.1', 'XM_005159535.7', 'XM_009294134.6', 'XM_087229002.1', 'XM_087294141.1', 'XM_087294142.1', 'XM_087294143.1']","['NP_957385.1', 'XP_005159592.1', 'XP_009292409.1', 'XP_087085128.1', 'XP_087150267.1', 'XP_087150268.1', 'XP_087150269.1']"
405785,tnfa,7955,['ENSDARG00000009511'],[],"['A0A8M1PIH1', 'Q08CQ3']",['NM_212859.2'],['NP_998024.2']
797150,hif1aa,7955,['ENSDARG00000006181'],[],"['A0A8M1P6H5', 'F1QNB9']",['NM_001308559.1'],['NP_001295488.1']
30682,vegfaa,7955,['ENSDARG00000103542'],['O73682'],"['A0A8M3AHS3', 'A0AB32T459']","['NM_001110349.2', 'NM_131408.3', 'XM_009292018.6', 'XM_068213886.3', 'XM_087226363.1', 'XM_087285155.1', 'XM_087285156.1', 'XM_087285157.1', 'XR_002455712.2', 'XR_015464302.1', 'XR_015464303.1', 'XR_015464304.1', 'XR_015464305.1', 'XR_015510243.1', 'XR_015510244.1', 'XR_015510245.1', 'XR_015510246.1', 'XR_015510247.1']","['NP_001103819.2', 'NP_571483.1', 'XP_009290293.1', 'XP_068069987.1', 'XP_087082489.1', 'XP_087141281.1', 'XP_087141282.1', 'XP_087141283.1']"
14599,Gh,10090,"['ENSMSIG00000025028', 'ENSMUSG00000020713', 'ENSNVIG00000023639']",['P06880'],['A0A0M6L0K7'],"['NM_008117.3', 'XM_006532223.3']","['NP_032143.1', 'XP_006532286.1']"
18783,Pla2g4a,10090,['ENSMUSG00000056220'],['P47713'],"['A0A087WPN8', 'F6RTC2', 'Q3UMQ1', 'Q9DBX5']","['NM_001305632.1', 'NM_008869.4']","['NP_001292561.1', 'NP_032895.1']"
12857,Cox4i1,10090,"['ENSMSIG00000016613', 'ENSMUSG00000031818', 'ENSNVIG00000007871']",['P19783'],"['A2RSV8', 'M0QWX2', 'M0QWX7']","['NM_001293559.1', 'NM_009941.3']","['NP_001280488.1', 'NP_034071.2']"
17708,mt-Co1,10090,"['ENSMUSG00000064351', 'ENSNVIG00000024134']",[],['Q9MD68'],[],['NP_904330.1']
17709,mt-Co2,10090,"['ENSMUSG00000064354', 'ENSNVIG00000023949']",['P00405'],['Q7JCZ1'],[],['NP_904331.1']
941,CD80,9606,['ENSG00000121594'],['P33681'],['A0N0P2'],['NM_005191.4'],['NP_005182.1']
18033,Nfkb1,10090,"['ENSMSIG00000025165', 'ENSMUSG00000028163', 'ENSNVIG00000004801']",['P25799'],"['A0A0G2JGK6', 'F6Z9G5', 'V9GX90']","['NM_001410442.1', 'NM_008689.3', 'XM_006501107.3']","['NP_001397371.1', 'NP_032715.2', 'XP_006501170.1']"
5329,PLAUR,9606,['ENSG00000011422'],['Q03405'],"['A0ACI8PXT8', 'A0ACI8TD66', 'A0ACI8UFE0', 'A0ACI8UFE5', 'A0ACI8UFE7', 'A0ACI8UFF6', 'A0ACI8UFF7', 'A0ACI8UFF8', 'M0QX27', 'M0QYR6', 'M0QYS6', 'M0R0H5', 'M0R0L1', 'M0R0Y4', 'M0R1I2', 'M0R2E9', 'M0R383']","['NM_001005376.3', 'NM_001005377.3', 'NM_001301037.2', 'NM_002659.4', 'XM_017026872.3', 'XM_047438925.1', 'XM_047438926.1', 'XM_047438927.1', 'XM_047438928.1', 'XM_047438929.1', 'XM_047438930.1', 'XM_047438931.1', 'XM_047438932.1', 'XM_047438933.1', 'XM_047438934.1', 'XM_047438935.1', 'XM_047438936.1', 'XM_047438937.1', 'XM_054321205.1', 'XM_054321206.1', 'XM_054321207.1', 'XM_054321208.1', 'XM_054321209.1', 'XM_054321210.1', 'XM_054321211.1', 'XM_054321212.1', 'XM_054321213.1', 'XM_054321214.1', 'XM_054321215.1', 'XM_054321216.1', 'XM_054321217.1', 'XM_054321218.1']","['NP_001005376.1', 'NP_001005377.1', 'NP_001287966.1', 'NP_002650.1', 'XP_016882361.1', 'XP_047294881.1', 'XP_047294882.1', 'XP_047294883.1', 'XP_047294884.1', 'XP_047294885.1', 'XP_047294886.1', 'XP_047294887.1', 'XP_047294888.1', 'XP_047294889.1', 'XP_047294890.1', 'XP_047294891.1', 'XP_047294892.1', 'XP_047294893.1', 'XP_054177180.1', 'XP_054177181.1', 'XP_054177182.1', 'XP_054177183.1', 'XP_054177184.1', 'XP_054177185.1', 'XP_054177186.1', 'XP_054177187.1', 'XP_054177188.1', 'XP_054177189.1', 'XP_054177190.1', 'XP_054177191.1', 'XP_054177192.1', 'XP_054177193.1']"
100003922,p2ry1,7955,['ENSDARG00000105281'],[],['A0A0N4SUG9'],"['XM_001343319.9', 'XM_087293665.1']","['XP_001343355.1', 'XP_087149791.1']"
30466,ascl1a,7955,['ENSDARG00000038386'],['Q90259'],[],['NM_131219.1'],['NP_571294.1']
30646,gfap,7955,['ENSDARG00000025301'],['Q58EE9'],['B2GP50'],['NM_131373.2'],['NP_571448.2']
959,CD40LG,9606,['ENSG00000102245'],['P29965'],"['A0A8Q3WKP2', 'A0A8Q3WL88', 'F6X5E6']",['NM_000074.3'],['NP_000065.1']
24225,Bdnf,10116,['ENSRNOG00000047466'],['P23363'],"['A0A0G2K624', 'A0A0H2UI28', 'A0ABK0LQJ4']","['NM_001270630.1', 'NM_001270631.1', 'NM_001270632.1', 'NM_001270633.1', 'NM_001270634.1', 'NM_001270635.1', 'NM_001270636.1', 'NM_001270637.1', 'NM_001270638.1', 'NM_012513.4', 'XM_006234684.5']","['NP_001257559.1', 'NP_001257560.1', 'NP_001257561.1', 'NP_001257562.1', 'NP_001257563.1', 'NP_001257564.1', 'NP_001257565.1', 'NP_001257566.1', 'NP_001257567.1', 'NP_036645.2', 'XP_006234746.1']"
54323,Arc,10116,['ENSRNOG00000043465'],['Q63053'],[],"['NM_019361.2', 'XM_017595064.3']","['NP_062234.2', 'XP_017450553.1']"
66026,Trpv4,10116,['ENSRNOG00000001195'],['Q9ERZ8'],[],"['NM_023970.1', 'XM_006249466.3']","['NP_076460.1', 'XP_006249528.1']"
308760,Rccd1,10116,['ENSRNOG00000042059'],[],"['A0A8I6AFZ3', 'A0ABK0LYV3', 'D3ZG92']","['NM_001432254.1', 'NM_001432255.1', 'NM_001432256.1', 'NR_197276.1', 'XM_006229455.5', 'XM_006229456.5', 'XM_006229457.5', 'XM_039101052.2', 'XM_039101053.2', 'XM_063278960.1', 'XM_218819.10']","['NP_001419183.1', 'NP_001419184.1', 'NP_001419185.1', 'XP_006229517.1', 'XP_006229518.1', 'XP_006229519.1', 'XP_038956980.1', 'XP_038956981.1', 'XP_063135030.1', 'XP_218819.5']"
54263,Kcnn3,10116,['ENSRNOG00000020706'],['P70605'],"['A0ABK0L404', 'G3V8S7']","['NM_019315.3', 'XM_017591053.3', 'XM_039102986.2', 'XM_063282418.1']","['NP_062188.3', 'XP_017446542.1', 'XP_038958914.1', 'XP_063138488.1']"
66849,Ppp1r2,10090,['ENSMUSG00000047714'],['Q9DCL8'],['D3Z3A0'],['NM_025800.3'],['NP_080076.1']
280846,LTF,9913,['ENSBTAG00000001292'],['P24627'],"['A0AAA9S1J3', 'A0AAA9SUD5', 'B9VPZ5']",['NM_180998.2'],['NP_851341.1']
12370,Casp8,10090,"['ENSMPUG00000000240', 'ENSMSIG00000020468', 'ENSMUSG00000026029', 'ENSNVIG00000008522']",['O89110'],"['A0A087WQT6', 'Q3U607']","['NM_001080126.2', 'NM_001277926.2', 'NM_001420041.1', 'NM_001420042.1', 'NM_001420043.1', 'NM_001420044.1', 'NM_001420045.1', 'NM_001420046.1', 'NM_001420047.1', 'NM_001420049.1', 'NM_001420050.1', 'NM_009812.3']","['NP_001073595.1', 'NP_001264855.2', 'NP_001406970.1', 'NP_001406971.1', 'NP_001406972.1', 'NP_001406973.1', 'NP_001406974.1', 'NP_001406975.1', 'NP_001406976.1', 'NP_001406978.1', 'NP_001406979.1', 'NP_033942.1']"
12371,Casp9,10090,"['ENSMSIG00000014653', 'ENSMUSG00000028914', 'ENSNVIG00000011449']",['Q8C3Q9'],"['A2AS92', 'A2AS93']","['NM_001277932.2', 'NM_001355176.2', 'NM_001429869.1', 'NM_001429870.1', 'NM_015733.6']","['NP_001264861.1', 'NP_001342105.1', 'NP_001416798.1', 'NP_001416799.1', 'NP_056548.2']"
18538,Pcna,10090,"['ENSMSIG00000020409', 'ENSMUSG00000027342', 'ENSNVIG00000018875']",['P17918'],['Q542J9'],['NM_011045.2'],['NP_035175.1']
22035,Tnfsf10,10090,"['ENSFALG00000026290', 'ENSMSIG00000022048', 'ENSMUSG00000039304']",['P50592'],"['G3UY25', 'Q3U5H0']",['NM_009425.2'],['NP_033451.1']
4137,MAPT,9606,"['ENSG00000186868', 'ENSG00000276155', 'ENSG00000277956']",['P10636'],"['A0A0G2JMX7', 'A0A0G2JPD5', 'A0A0G2JQJ7', 'A0A0G2JS76', 'A0A7I2PJZ2', 'A0A7I2PLE3', 'A0A7P0T936', 'A0ACI8Q4S2', 'A0ACI8Q4U3', 'A0ACI8Q9L7', 'A0ACI8QLC2', 'A0ACI8QW67', 'A0ACI8R5B6', 'A0ACI8RMG2', 'A0ACI8S045', 'A0ACI8S9Q1', 'A0ACI8VNK8', 'A0ACI8VNK9', 'A0ACI8VNL5', 'A0ACI8VNM4', 'A0ACI8VRW9', 'A0ACI8VSB8', 'A0ACI8VSV3', 'B3KTM0', 'I3L170', 'I3L2Z2']","['NM_001123066.4', 'NM_001123067.4', 'NM_001203251.2', 'NM_001203252.2', 'NM_001377265.1', 'NM_001377266.1', 'NM_001377267.1', 'NM_001377268.1', 'NM_005910.6', 'NM_016834.5', 'NM_016835.5', 'NM_016841.5', 'NR_165166.1', 'XM_005257362.5', 'XM_005257365.5', 'XM_005257366.4', 'XM_005257367.5', 'XM_005257368.5', 'XM_005257369.5', 'XM_005257370.5', 'XM_005257371.5', 'XM_047436074.1', 'XM_047436075.1', 'XM_047436076.1', 'XM_047436077.1', 'XM_047436078.1', 'XM_047436079.1', 'XM_047436080.1', 'XM_047436081.1', 'XM_054316131.1', 'XM_054316132.1', 'XM_054316133.1', 'XM_054316134.1', 'XM_054316135.1', 'XM_054316136.1', 'XM_054316137.1', 'XM_054316138.1', 'XM_054316139.1', 'XM_054316140.1', 'XM_054316141.1', 'XM_054316142.1', 'XM_054316143.1', 'XM_054316144.1', 'XM_054316145.1', 'XM_054316146.1', 'XM_054328564.1', 'XM_054328565.1', 'XM_054328566.1', 'XM_054328567.1', 'XM_054328568.1', 'XM_054328569.1', 'XM_054328570.1', 'XM_054328571.1', 'XM_054328572.1', 'XM_054330105.1', 'XM_054330106.1', 'XM_054330107.1', 'XM_054330108.1', 'XM_054330109.1', 'XM_054330110.1', 'XM_054330111.1', 'XM_054330112.1', 'XM_054330113.1', 'XM_054330114.1', 'XM_054330115.1', 'XM_054330116.1', 'XM_054330117.1', 'XM_054330118.1']","['NP_001116538.2', 'NP_001116539.1', 'NP_001190180.1', 'NP_001190181.1', 'NP_001364194.1', 'NP_001364195.1', 'NP_001364196.1', 'NP_001364197.1', 'NP_005901.2', 'NP_058518.1', 'NP_058519.3', 'NP_058525.1', 'XP_005257419.1', 'XP_005257422.1', 'XP_005257423.1', 'XP_005257424.1', 'XP_005257425.1', 'XP_005257426.1', 'XP_005257427.1', 'XP_005257428.1', 'XP_047292030.1', 'XP_047292031.1', 'XP_047292032.1', 'XP_047292033.1', 'XP_047292034.1', 'XP_047292035.1', 'XP_047292036.1', 'XP_047292037.1', 'XP_054172106.1', 'XP_054172107.1', 'XP_054172108.1', 'XP_054172109.1', 'XP_054172110.1', 'XP_054172111.1', 'XP_054172112.1', 'XP_054172113.1', 'XP_054172114.1', 'XP_054172115.1', 'XP_054172116.1', 'XP_054172117.1', 'XP_054172118.1', 'XP_054172119.1', 'XP_054172120.1', 'XP_054172121.1', 'XP_054184539.1', 'XP_054184540.1', 'XP_054184541.1', 'XP_054184542.1', 'XP_054184543.1', 'XP_054184544.1', 'XP_054184545.1', 'XP_054184546.1', 'XP_054184547.1', 'XP_054186080.1', 'XP_054186081.1', 'XP_054186082.1', 'XP_054186083.1', 'XP_054186084.1', 'XP_054186085.1', 'XP_054186086.1', 'XP_054186087.1', 'XP_054186088.1', 'XP_054186089.1', 'XP_054186090.1', 'XP_054186091.1', 'XP_054186092.1', 'XP_054186093.1']"
1958,EGR1,9606,['ENSG00000120738'],['P18146'],['Q546S1'],['NM_001964.3'],['NP_001955.1']
23237,ARC,9606,['ENSG00000198576'],['Q7LC44'],[],"['NM_001412852.1', 'NM_015193.5']","['NP_001399781.1', 'NP_056008.1']"
5295,PIK3R1,9606,['ENSG00000145675'],['P27986'],"['A0A8V8TL10', 'A0A8V8TL14', 'A0A8V8TL31', 'A0A8V8TLE6', 'A0A8V8TLF1', 'A0A8V8TLF7', 'A0A8V8TME9', 'A0A8V8TMF4', 'A0A8V8TMF9', 'A0A8V8TMN2', 'A0ACI8PPK3', 'A0ACI8V514', 'E5RGI8', 'E5RHI0', 'E5RJY0', 'E5RK66', 'H0YB27', 'H0YBC2']","['NM_001242466.2', 'NM_001445921.1', 'NM_001445922.1', 'NM_001445923.1', 'NM_181504.4', 'NM_181523.3', 'NM_181524.2', 'XM_005248542.4', 'XM_017009585.3', 'XM_047417315.1', 'XM_047417316.1', 'XM_047417317.1', 'XM_054352826.1', 'XM_054352827.1', 'XM_054352828.1', 'XM_054352829.1']","['NP_001229395.1', 'NP_001432850.1', 'NP_001432851.1', 'NP_001432852.1', 'NP_852556.2', 'NP_852664.1', 'NP_852665.1', 'XP_005248599.1', 'XP_016865074.1', 'XP_047273271.1', 'XP_047273272.1', 'XP_047273273.1', 'XP_054208801.1', 'XP_054208802.1', 'XP_054208803.1', 'XP_054208804.1']"
56262,LRRC8A,9606,['ENSG00000136802'],['Q8IWT6'],"['A0ACI8TFB7', 'A8K1C7']","['NM_001127244.2', 'NM_001127245.2', 'NM_019594.4', 'XM_005252095.3', 'XM_005252096.5', 'XM_006717186.3', 'XM_011518863.2', 'XM_011518864.3', 'XM_047423595.1', 'XM_047423596.1', 'XM_047423597.1', 'XM_047423598.1', 'XM_047423599.1', 'XM_047423600.1', 'XM_047423601.1', 'XM_054363290.1', 'XM_054363291.1', 'XM_054363292.1', 'XM_054363293.1', 'XM_054363294.1', 'XM_054363295.1', 'XM_054363296.1', 'XM_054363297.1', 'XM_054363298.1', 'XM_054363299.1', 'XM_054363300.1', 'XM_054363301.1']","['NP_001120716.1', 'NP_001120717.1', 'NP_062540.2', 'XP_005252152.1', 'XP_005252153.1', 'XP_006717249.1', 'XP_011517165.1', 'XP_011517166.1', 'XP_047279551.1', 'XP_047279552.1', 'XP_047279553.1', 'XP_047279554.1', 'XP_047279555.1', 'XP_047279556.1', 'XP_047279557.1', 'XP_054219265.1', 'XP_054219266.1', 'XP_054219267.1', 'XP_054219268.1', 'XP_054219269.1', 'XP_054219270.1', 'XP_054219271.1', 'XP_054219272.1', 'XP_054219273.1', 'XP_054219274.1', 'XP_054219275.1', 'XP_054219276.1']"
566096,hp,7955,['ENSDARG00000051890'],[],"['A0AB13A7R9', 'A0AC58FZS1', 'A0AC58G007']","['NM_001366015.1', 'XM_073906890.2', 'XM_073906891.2']","['NP_001352944.1', 'XP_073762991.1', 'XP_073762992.1']"
2717,GLA,9606,['ENSG00000102393'],['P06280'],"['A0A3B3IRU3', 'A0A3B3IUC4', 'A0A669KB83', 'A0A6Q8PFA9', 'A0A6Q8PGG0', 'A0A6Q8PHD1', 'A0A6Q8PHM8', 'A0AA34QW02', 'Q53Y83', 'V9GYN5']","['NM_000169.3', 'NM_001406747.1', 'NM_001406748.1', 'NM_001406749.1', 'NR_164783.1', 'NR_176252.1', 'NR_176253.1', 'XM_047441990.1', 'XM_054326833.1']","['NP_000160.1', 'NP_001393676.1', 'NP_001393677.1', 'NP_001393678.1', 'XP_047297946.1', 'XP_054182808.1']"
22353,Vip,10090,"['ENSFALG00000024261', 'ENSMSIG00000029272', 'ENSMUSG00000019772', 'ENSNVIG00000008088']",['P32648'],['A0A0R4J003'],"['NM_001313969.1', 'NM_001407530.1', 'NM_001407531.1', 'NM_001407532.1', 'NM_001407533.1', 'NM_001407534.1', 'NM_011702.3', 'XM_006512446.2']","['NP_001300898.1', 'NP_001394459.1', 'NP_001394460.1', 'NP_001394461.1', 'NP_001394462.1', 'NP_001394463.1', 'NP_035832.1', 'XP_006512509.1']"
17395,Mmp9,10090,"['ENSMSIG00000022759', 'ENSMUSG00000017737', 'ENSNVIG00000009799']",['P41245'],['A2A5K8'],"['NM_013599.5', 'XM_006498861.3']","['NP_038627.1', 'XP_006498924.1']"
63888,A4galt,10116,['ENSRNOG00000009736'],['Q9JI93'],[],"['NM_001439636.1', 'NM_022240.3', 'XM_006242117.5', 'XM_006242118.5', 'XM_017595081.3']","['NP_001426565.1', 'NP_071576.1', 'XP_006242179.1', 'XP_006242180.1', 'XP_017450570.1']"
1812,DRD1,9606,['ENSG00000184845'],['P21728'],[],['NM_000794.5'],['NP_000785.1']
83785,Vegfa,10116,['ENSRNOG00000019598'],['P16612'],"['A0A8I5ZN58', 'A0ABK0LNH0', 'A0ACM8Q244', 'B5DEK7', 'F1M6X1', 'F8WG85', 'G8JLS5', 'Q541S7']","['NM_001110333.2', 'NM_001110334.2', 'NM_001110335.1', 'NM_001110336.1', 'NM_001287107.1', 'NM_001287108.1', 'NM_001287110.1', 'NM_001287111.1', 'NM_001287112.1', 'NM_001287113.1', 'NM_001287114.1', 'NM_001317043.1', 'NM_031836.3', 'NR_105011.1']","['NP_001103803.1', 'NP_001103804.1', 'NP_001103805.1', 'NP_001103806.1', 'NP_001274036.1', 'NP_001274037.1', 'NP_001274039.1', 'NP_001274040.1', 'NP_001274041.1', 'NP_001274042.1', 'NP_001274043.1', 'NP_001303972.1', 'NP_114024.2']"
3805,KIR2DL4,9606,"['ENSG00000189013', 'ENSG00000273498', 'ENSG00000273575', 'ENSG00000274189', 'ENSG00000274193', 'ENSG00000274232', 'ENSG00000274609', 'ENSG00000274945', 'ENSG00000274955', 'ENSG00000275237', 'ENSG00000275317', 'ENSG00000275456', 'ENSG00000275699', 'ENSG00000275732', 'ENSG00000275848', 'ENSG00000276044', 'ENSG00000276779', 'ENSG00000276979', 'ENSG00000277076', 'ENSG00000277355', 'ENSG00000277362', 'ENSG00000277540', 'ENSG00000277750', 'ENSG00000277850', 'ENSG00000277964', 'ENSG00000278074', 'ENSG00000278201', 'ENSG00000278271', 'ENSG00000278430', 'ENSG00000278606', 'ENSG00000283869', 'ENSG00000283961', 'ENSG00000283986', 'ENSG00000284013', 'ENSG00000284206', 'ENSG00000284340', 'ENSG00000284365', 'ENSG00000284457', 'ENSG00000284460', 'ENSG00000284509', 'ENSG00000284562']",['Q99706'],"['A0A0B4J1S6', 'A0A0G2JLM0', 'A0A0G2JLM4', 'A0A0G2JLN0', 'A0A0G2JLZ7', 'A0A0G2JMD1', 'A0A0G2JMQ9', 'A0A0G2JN69', 'A0A0G2JNE8', 'A0A0G2JNG7', 'A0A0G2JPS9', 'A0A0G2JQ13', 'A0A0G2JQ39', 'A0A1W2PQV0', 'A0A376A929', 'A0ACI8PT46', 'A8MT18', 'E7EST5', 'K7RE46', 'Q8N736']","['NM_001080770.2', 'NM_001080772.2', 'NM_001258383.1', 'NM_002255.6']","['NP_001074239.1', 'NP_001074241.1', 'NP_002246.5']"
3791,KDR,9606,['ENSG00000128052'],['P35968'],['A0ACI8T581'],['NM_002253.4'],['NP_002244.1']
81646,Creb1,10116,['ENSRNOG00000013412'],['P15337'],[],"['NM_031017.2', 'NM_134443.2', 'XM_006245070.4', 'XM_039084245.2', 'XM_039084247.2', 'XM_063267770.1', 'XM_063267771.1', 'XR_005488972.2', 'XR_010054634.1']","['NP_112279.1', 'NP_604392.2', 'XP_006245132.1', 'XP_038940173.1', 'XP_038940175.1', 'XP_063123840.1', 'XP_063123841.1']"
84577,Hdac2,10116,['ENSRNOG00000000604'],[],"['A0A8I6AP99', 'A0ABK0LVE7', 'B1WBY8', 'F7ENH8']","['NM_053447.2', 'XM_063279578.1', 'XM_063279579.1']","['NP_445899.1', 'XP_063135648.1', 'XP_063135649.1']"
18125,Nos1,10090,"['ENSMPUG00000002815', 'ENSMSIG00000000112', 'ENSMUSG00000029361', 'ENSNVIG00000013864']",['Q9Z0J4'],"['F8WGF2', 'S4R1D5', 'S4R255']","['NM_001436389.1', 'NM_001436390.1', 'NM_008712.4']","['NP_001423318.1', 'NP_001423319.1', 'NP_032738.1']"
6549,SLC9A2,9606,['ENSG00000115616'],['Q9UBY0'],"['A0ACI8S8M2', 'A0ACI8SDZ5']","['NM_003048.6', 'XM_047445572.1', 'XM_054343499.1']","['NP_003039.2', 'XP_047301528.1', 'XP_054199474.1']"
6550,SLC9A3,9606,"['ENSG00000066230', 'ENSG00000281861']",['P48764'],['A0A2R8Y780'],"['NM_001284351.3', 'NM_004174.4']","['NP_001271280.1', 'NP_004165.2']"
15558,Htr2a,10090,"['ENSMSIG00000020690', 'ENSMUSG00000034997']",['P35363'],['Q543D4'],['NM_172812.3'],['NP_766400.1']
15550,Htr1a,10090,['ENSMUSG00000021721'],['Q64264'],[],['NM_008308.5'],['NP_032334.2']
15530,Hspg2,10090,"['ENSMPUG00000016005', 'ENSMSIG00000031160', 'ENSMUSG00000028763', 'ENSNVIG00000017317']",['Q05793'],"['A0A571BD72', 'B1B0C7', 'E9PZ16', 'Q2XQV0', 'Q3UHH3', 'Q52KG8']","['NM_008305.4', 'XM_006538575.2', 'XM_030253229.1', 'XM_036163696.1']","['NP_032331.2', 'XP_006538638.1', 'XP_030109089.1', 'XP_036019589.1']"
818,CAMK2G,9606,['ENSG00000148660'],['Q13555'],"['A0A2Q3DQE3', 'A0A804CJ50', 'A0A8V8TPN2', 'A0A8V8TQ60', 'A0A8V8TQ77', 'A0A8V8TQ82', 'A0A8V8TQW6', 'A0A8V8TR68', 'A0A8V8TR72', 'A0ACI8PGU3', 'A0ACI8PGX5', 'A0ACI8PGZ3', 'A0ACI8PHF9', 'A0ACI8PHH0', 'A0ACI8PJU5', 'A0ACI8PRS8', 'A0ACI8PXM6', 'A0ACI8Q454', 'A0ACI8Q5A0', 'A0ACI8QD95', 'A0ACI8QGR4', 'A0ACI8QQ46', 'A0ACI8QQS5', 'A0ACI8R3L0', 'A0ACI8R8P0', 'A0ACI8R8Q4', 'A0ACI8RF34', 'A0ACI8RJ86', 'A0ACI8RQD0', 'A0ACI8RVC8', 'A0ACI8RVD9', 'A0ACI8RYR4', 'A0ACI8RYS5', 'A0ACI8TYJ1', 'A0ACI8TYM7', 'A0ACI8TYT4', 'A0ACI8TYU6', 'A0ACI8VAG8', 'A0ACI8VAH4', 'A0ACI8VAJ5', 'A0ACI8VAK0', 'A0ACI8VAK4', 'A0ACI8VAK5', 'A0ACI8VAM1', 'A0ACI8VAM3', 'A0ACI8VAR0', 'A0ACI8VAX5', 'A0ACI8VE76', 'A0ACI8VEN3', 'A0ACI8VF67', 'A0ACI8VFD1', 'A0ACI8VGH6', 'A0ACI8VGH9', 'A0ACI8VGI0', 'B3KY86', 'H0Y4S4', 'H0Y6G2', 'Q13280', 'Q5SWX3']","['NM_001204492.2', 'NM_001222.4', 'NM_001320898.2', 'NM_001367514.1', 'NM_001367516.1', 'NM_001367517.1', 'NM_001367518.1', 'NM_001367519.1', 'NM_001367520.1', 'NM_001367521.1', 'NM_001367522.1', 'NM_001367523.1', 'NM_001367524.1', 'NM_001367525.1', 'NM_001367526.1', 'NM_001367527.1', 'NM_001367528.1', 'NM_001367529.1', 'NM_001367530.1', 'NM_001367531.1', 'NM_001367532.1', 'NM_001367533.1', 'NM_001367534.1', 'NM_001367535.1', 'NM_001367536.1', 'NM_001367537.1', 'NM_001367538.1', 'NM_001367539.1', 'NM_001367540.1', 'NM_001367541.1', 'NM_001367542.1', 'NM_001367543.1', 'NM_001367544.1', 'NM_001367545.1', 'NM_001367546.1', 'NM_001367547.1', 'NM_001367548.1', 'NM_172169.3', 'NM_172170.5', 'NM_172171.3', 'NM_172172.1', 'NM_172173.3', 'NR_160040.1', 'NR_160041.1', 'NR_160042.1', 'NR_160044.1', 'NR_160045.1', 'NR_160046.1', 'NR_160047.1', 'NR_160263.1', 'XM_005270198.2', 'XM_005270205.2', 'XM_006717996.2', 'XM_006717998.2', 'XM_017016730.2', 'XM_024448218.2', 'XM_047425797.1', 'XM_047425798.1', 'XM_047425799.1', 'XM_047425800.1', 'XM_047425801.1', 'XM_047425802.1', 'XM_047425803.1', 'XM_047425804.1', 'XM_047425805.1', 'XM_054366844.1', 'XM_054366845.1', 'XM_054366846.1', 'XM_054366847.1', 'XM_054366848.1', 'XM_054366849.1', 'XM_054366850.1', 'XM_054366851.1', 'XM_054366852.1', 'XM_054366853.1', 'XM_054366854.1', 'XM_054366855.1', 'XM_054366856.1', 'XM_054366857.1', 'XM_054366858.1', 'XR_001747218.2', 'XR_007061990.1', 'XR_007061991.1', 'XR_007061992.1', 'XR_007061993.1', 'XR_007061994.1', 'XR_007061995.1', 'XR_007061996.1', 'XR_007061997.1', 'XR_007061998.1', 'XR_007061999.1', 'XR_007062000.1', 'XR_008488274.1', 'XR_008488275.1', 'XR_008488276.1', 'XR_008488277.1', 'XR_008488278.1', 'XR_008488279.1', 'XR_008488280.1', 'XR_008488281.1', 'XR_008488282.1', 'XR_008488283.1', 'XR_008488284.1', 'XR_008488285.1', 'XR_008488286.1', 'XR_008488287.1', 'XR_945821.2', 'XR_945822.2']","['NP_001191421.1', 'NP_001213.2', 'NP_001307827.1', 'NP_001354443.1', 'NP_001354445.1', 'NP_001354446.1', 'NP_001354447.1', 'NP_001354448.1', 'NP_001354449.1', 'NP_001354450.1', 'NP_001354451.1', 'NP_001354452.1', 'NP_001354453.1', 'NP_001354454.1', 'NP_001354455.1', 'NP_001354456.1', 'NP_001354457.1', 'NP_001354458.1', 'NP_001354459.1', 'NP_001354460.1', 'NP_001354461.1', 'NP_001354462.1', 'NP_001354463.1', 'NP_001354464.1', 'NP_001354465.1', 'NP_001354466.1', 'NP_001354467.1', 'NP_001354468.1', 'NP_001354469.1', 'NP_001354470.1', 'NP_001354471.1', 'NP_001354472.1', 'NP_001354473.1', 'NP_001354474.1', 'NP_001354475.1', 'NP_001354476.1', 'NP_001354477.1', 'NP_751909.1', 'NP_751910.1', 'NP_751911.1', 'NP_751913.1', 'XP_005270255.1', 'XP_005270262.1', 'XP_006718059.1', 'XP_006718061.1', 'XP_016872219.1', 'XP_024303986.1', 'XP_047281753.1', 'XP_047281754.1', 'XP_047281755.1', 'XP_047281756.1', 'XP_047281757.1', 'XP_047281758.1', 'XP_047281759.1', 'XP_047281760.1', 'XP_047281761.1', 'XP_054222819.1', 'XP_054222820.1', 'XP_054222821.1', 'XP_054222822.1', 'XP_054222823.1', 'XP_054222824.1', 'XP_054222825.1', 'XP_054222826.1', 'XP_054222827.1', 'XP_054222828.1', 'XP_054222829.1', 'XP_054222830.1', 'XP_054222831.1', 'XP_054222832.1', 'XP_054222833.1']"
836,CASP3,9606,['ENSG00000164305'],['P42574'],"['A0A8V8TPU5', 'A0ACI8U200', 'A8MVM1', 'C9JXR7']","['NM_001354777.2', 'NM_001354779.2', 'NM_001354780.2', 'NM_001354781.2', 'NM_001354782.2', 'NM_001354783.2', 'NM_001354784.2', 'NM_001440946.1', 'NM_004346.4', 'NM_032991.3', 'XM_047416236.1', 'XM_047416237.1', 'XM_047416238.1', 'XM_047416239.1', 'XM_054350955.1', 'XM_054350956.1', 'XM_054350957.1', 'XM_054350958.1']","['NP_001341706.1', 'NP_001341708.1', 'NP_001341709.1', 'NP_001341710.1', 'NP_001341711.1', 'NP_001341712.1', 'NP_001341713.1', 'NP_001427875.1', 'NP_004337.2', 'NP_116786.1', 'XP_047272192.1', 'XP_047272193.1', 'XP_047272194.1', 'XP_047272195.1', 'XP_054206930.1', 'XP_054206931.1', 'XP_054206932.1', 'XP_054206933.1']"
91433,RCCD1,9606,['ENSG00000166965'],['A6NED2'],"['A0ABJ7H348', 'A0ACI8P7K0', 'A0ACI8QMN7', 'A0ACI8R747', 'A0ACI8VRE6', 'A0ACI8VRH0', 'G3V2I3', 'G3V3Q4']","['NM_001017919.2', 'NM_033544.3', 'XM_047433316.1', 'XM_047433317.1', 'XM_047433318.1', 'XM_054379171.1', 'XM_054379172.1', 'XM_054379173.1']","['NP_001017919.1', 'NP_291022.2', 'XP_047289272.1', 'XP_047289273.1', 'XP_047289274.1', 'XP_054235146.1', 'XP_054235147.1', 'XP_054235148.1']"
5594,MAPK1,9606,['ENSG00000100030'],['P28482'],"['A0ACI8PXQ8', 'A0ACI8QXI8', 'A0ACI8V774', 'Q499G7']","['NM_002745.5', 'NM_138957.3']","['NP_002736.3', 'NP_620407.1']"
2166,FAAH,9606,['ENSG00000117480'],['O00519'],"['A0A087WYA0', 'A0ACI8PUP8', 'A0ACI8PUV7', 'A0ACI8PVY6', 'A0ACI8Q0I9', 'A0ACI8Q613', 'A0ACI8QA91', 'A0ACI8QJH1', 'A0ACI8QUA6', 'A0ACI8QYW3', 'A0ACI8R714', 'A0ACI8R929', 'A0ACI8RDZ3', 'A0ACI8RIY1', 'A0ACI8RMB7', 'A0ACI8RW01', 'A0ACI8S133', 'A0ACI8S538', 'A0ACI8S781', 'A0ACI8TXT7', 'A0ACI8TXZ8', 'A0ACI8TY24', 'A0ACI8TY28', 'A0ACI8TYI4', 'A0ACI8TYJ5', 'A0ACI8UNX4']",['NM_001441.3'],['NP_001432.2']
1302,COL11A2,9606,"['ENSG00000204248', 'ENSG00000206290', 'ENSG00000223699', 'ENSG00000227801', 'ENSG00000230930', 'ENSG00000232541', 'ENSG00000235708']",['P13942'],"['A0A0C4DFS1', 'A0A0G2JHD9', 'A0A0G2JI07', 'A0A0G2JL35', 'A0A0G2JL78', 'A0A140T9A1', 'A0A140T9N1', 'A0A140T9X7', 'A0A140TA43', 'A0A140TA54', 'A0ACI8TIH8', 'A2AAS7', 'H0YIS1', 'Q4VXY6']","['NM_001163771.2', 'NM_001424108.1', 'NM_001424109.1', 'NM_001424110.1', 'NM_001424111.1', 'NM_001424112.1', 'NM_080679.3', 'NM_080680.3', 'NM_080681.3', 'NR_187605.1', 'XM_011514299.3', 'XM_011514300.3', 'XM_011514302.3', 'XM_017010250.2', 'XM_017010251.3', 'XM_047418183.1', 'XM_054329736.1', 'XM_054330229.1', 'XM_054330231.1', 'XM_054330232.1', 'XM_054330233.1', 'XM_054330234.1', 'XM_054330517.1', 'XM_054330518.1', 'XM_054330519.1', 'XM_054330520.1', 'XM_054330521.1', 'XM_054330522.1', 'XM_054330523.1', 'XM_054330524.1', 'XM_054330764.1', 'XM_054330765.1', 'XM_054330766.1', 'XM_054330768.1', 'XM_054330769.1', 'XM_054330770.1', 'XM_054330771.1', 'XM_054330772.1', 'XM_054331001.1', 'XM_054331002.1', 'XM_054331003.1', 'XM_054331004.1', 'XM_054331005.1', 'XM_054331006.1', 'XM_054331007.1', 'XM_054331008.1', 'XM_054354222.1', 'XM_054354223.1', 'XM_054354224.1', 'XM_054354226.1', 'XM_054354227.1', 'XM_054354228.1', 'XM_054354229.1', 'XM_054354230.1']","['NP_001157243.1', 'NP_001411037.1', 'NP_001411038.1', 'NP_001411039.1', 'NP_001411040.1', 'NP_001411041.1', 'NP_542410.2', 'NP_542411.2', 'NP_542412.2', 'XP_011512601.1', 'XP_011512602.1', 'XP_011512604.1', 'XP_016865739.1', 'XP_016865740.1', 'XP_047274139.1', 'XP_054185711.1', 'XP_054186204.1', 'XP_054186206.1', 'XP_054186207.1', 'XP_054186208.1', 'XP_054186209.1', 'XP_054186492.1', 'XP_054186493.1', 'XP_054186494.1', 'XP_054186495.1', 'XP_054186496.1', 'XP_054186497.1', 'XP_054186498.1', 'XP_054186499.1', 'XP_054186739.1', 'XP_054186740.1', 'XP_054186741.1', 'XP_054186743.1', 'XP_054186744.1', 'XP_054186745.1', 'XP_054186746.1', 'XP_054186747.1', 'XP_054186976.1', 'XP_054186977.1', 'XP_054186978.1', 'XP_054186979.1', 'XP_054186980.1', 'XP_054186981.1', 'XP_054186982.1', 'XP_054186983.1', 'XP_054210197.1', 'XP_054210198.1', 'XP_054210199.1', 'XP_054210201.1', 'XP_054210202.1', 'XP_054210203.1', 'XP_054210204.1', 'XP_054210205.1']"
1268,CNR1,9606,['ENSG00000118432'],['P21554'],"['F8W908', 'V5KA96']","['NM_001160226.3', 'NM_001160258.3', 'NM_001160259.3', 'NM_001160260.1', 'NM_001365869.2', 'NM_001365870.2', 'NM_001365872.2', 'NM_001365874.3', 'NM_001370545.1', 'NM_001370546.1', 'NM_001370547.1', 'NM_001424094.1', 'NM_001424095.1', 'NM_001424096.1', 'NM_001424097.1', 'NM_001424098.1', 'NM_016083.6', 'NM_033181.4', 'XM_047418171.1', 'XM_047418172.1', 'XM_047418173.1', 'XM_054354204.1', 'XM_054354205.1', 'XM_054354206.1']","['NP_001153698.1', 'NP_001153730.1', 'NP_001153731.1', 'NP_001352798.1', 'NP_001352799.1', 'NP_001352801.1', 'NP_001352803.1', 'NP_001357474.1', 'NP_001357475.1', 'NP_001357476.1', 'NP_001411023.1', 'NP_001411024.1', 'NP_001411025.1', 'NP_001411026.1', 'NP_001411027.1', 'NP_057167.2', 'NP_149421.2', 'XP_047274127.1', 'XP_047274128.1', 'XP_047274129.1', 'XP_054210179.1', 'XP_054210180.1', 'XP_054210181.1']"
8842,PROM1,9606,['ENSG00000007062'],['O43490'],"['A0A0A0N0M1', 'A0ACI8QAA0', 'A0ACI8QAA1', 'A0ACI8QEK5', 'A0ACI8SBM0', 'A0ACI8U012', 'A0ACI8U037', 'A0ACI8U0L0', 'A0ACI8VQT3', 'D6RBI0', 'D6RCC3', 'D6RIF3', 'H0Y9D4', 'H0Y9M7', 'H0Y9Q5']","['NM_001145847.2', 'NM_001145848.2', 'NM_001145849.2', 'NM_001145850.2', 'NM_001145851.2', 'NM_001145852.2', 'NM_001371406.1', 'NM_001371407.1', 'NM_001371408.1', 'NM_001441173.1', 'NM_001441174.1', 'NM_001441175.1', 'NM_001441176.1', 'NM_001441177.1', 'NM_001441178.1', 'NM_001441179.1', 'NM_006017.3', 'NR_199806.1', 'NR_199807.1', 'XM_005248195.6', 'XM_005248196.6', 'XM_006713974.4', 'XM_011513893.3', 'XM_011513894.4', 'XM_011513895.3', 'XM_011513897.4', 'XM_011513900.3', 'XM_011513902.3', 'XM_011513903.3', 'XM_017008800.2', 'XM_047416370.1', 'XM_047416372.1', 'XM_047416373.1', 'XM_047416374.1', 'XM_047416375.1', 'XM_047416376.1', 'XM_047416377.1', 'XM_047416378.1', 'XM_047416379.1', 'XM_054351160.1', 'XM_054351161.1', 'XM_054351162.1', 'XM_054351163.1', 'XM_054351164.1', 'XM_054351165.1', 'XM_054351166.1', 'XM_054351167.1', 'XM_054351168.1', 'XM_054351169.1', 'XM_054351170.1', 'XM_054351171.1', 'XM_054351172.1', 'XM_054351173.1', 'XM_054351174.1', 'XM_054351175.1', 'XM_054351176.1', 'XM_054351177.1', 'XM_054351178.1', 'XM_054351179.1', 'XM_054351180.1', 'XM_054351181.1', 'XM_054351182.1', 'XM_054351183.1', 'XM_054351184.1', 'XM_054351185.1']","['NP_001139319.1', 'NP_001139320.1', 'NP_001139321.1', 'NP_001139322.1', 'NP_001139323.1', 'NP_001139324.1', 'NP_001358335.1', 'NP_001358336.1', 'NP_001358337.1', 'NP_001428102.1', 'NP_001428103.1', 'NP_001428104.1', 'NP_001428105.1', 'NP_001428106.1', 'NP_001428107.1', 'NP_001428108.1', 'NP_006008.1', 'XP_005248252.1', 'XP_005248253.1', 'XP_006714037.1', 'XP_011512195.1', 'XP_011512196.1', 'XP_011512197.1', 'XP_011512199.1', 'XP_011512202.1', 'XP_011512204.1', 'XP_011512205.1', 'XP_016864289.1', 'XP_047272326.1', 'XP_047272328.1', 'XP_047272329.1', 'XP_047272330.1', 'XP_047272331.1', 'XP_047272332.1', 'XP_047272333.1', 'XP_047272334.1', 'XP_047272335.1', 'XP_054207135.1', 'XP_054207136.1', 'XP_054207137.1', 'XP_054207138.1', 'XP_054207139.1', 'XP_054207140.1', 'XP_054207141.1', 'XP_054207142.1', 'XP_054207143.1', 'XP_054207144.1', 'XP_054207145.1', 'XP_054207146.1', 'XP_054207147.1', 'XP_054207148.1', 'XP_054207149.1', 'XP_054207150.1', 'XP_054207151.1', 'XP_054207152.1', 'XP_054207153.1', 'XP_054207154.1', 'XP_054207155.1', 'XP_054207156.1', 'XP_054207157.1', 'XP_054207158.1', 'XP_054207159.1', 'XP_054207160.1']"
