GeneID,Gene,DiseaseID,Disease,Papers,PMIDs
2054,STX2,D006463,Hemolytic-Uremic Syndrome,13,"['25794836', '26335361', '28718802', '29068360', '30360505', '30513821', '31703347', '31824869', '34155339', '34437406', '34900753', '39442808', '42347511']"
2054,STX2,D058186,Acute Kidney Injury,7,"['26335361', '28718802', '30360505', '30513821', '31703347', '34155339', '34900753']"
230908,Tardbp,D000690,Amyotrophic Lateral Sclerosis,6,"['25392493', '28066234', '31068973', '33363456', '42134656', '42404802']"
230908,Tardbp,D019636,Neurodegenerative Diseases,6,"['25392493', '28066234', '31068973', '33363456', '42134656', '42404802']"
230908,Tardbp,D057177,TDP-43 Proteinopathies,6,"['25392493', '28066234', '31068973', '33363456', '42134656', '42404802']"
2054,STX2,D064420,Drug-Related Side Effects and Adverse Reactions,6,"['26335361', '28718802', '30513821', '30620717', '31824869', '34155339']"
230908,Tardbp,D057180,Frontotemporal Dementia,6,"['25392493', '28066234', '31068973', '33363456', '42134656', '42404802']"
2054,STX2,D007239,Infections,6,"['25794836', '30360505', '30513821', '31703347', '31824869', '34900753']"
366,AQP9,D011225,Pre-Eclampsia,5,"['26568619', '29567477', '30425647', '34925067', '39955250']"
2054,STX2,D003967,Diarrhea,5,"['25794836', '29068360', '30360505', '30513821', '34900753']"
13489,Drd2,D010300,Parkinson Disease,5,"['27431292', '30746639', '37683958', '40553107', '42570776']"
519148,STX2,D006463,Hemolytic-Uremic Syndrome,4,"['28888654', '29483033', '29807709', '33685676']"
2054,STX2,D007674,Kidney Diseases,4,"['26335361', '28718802', '34155339', '39442808']"
6804,STX1A,D006463,Hemolytic-Uremic Syndrome,4,"['26335361', '34437406', '34822608', '42347511']"
2054,STX2,D004927,Escherichia coli Infections,4,"['25794836', '30360505', '34900753', '42347511']"
23435,TARDBP,D019636,Neurodegenerative Diseases,4,"['28066234', '33363456', '34916412', '39327159']"
360,AQP3,D011225,Pre-Eclampsia,4,"['26568619', '29108637', '29567477', '30425647']"
13488,Drd1,D010302,Parkinson Disease Secondary,4,"['27431292', '30746639', '33547844', '41817828']"
13488,Drd1,D010300,Parkinson Disease,4,"['27431292', '30746639', '33547844', '41817828']"
519148,STX2,D003967,Diarrhea,3,"['28888654', '29483033', '33685676']"
14580,Gfap,D006463,Hemolytic-Uremic Syndrome,3,"['30619183', '30732602', '35835234']"
23435,TARDBP,D000690,Amyotrophic Lateral Sclerosis,3,"['28066234', '33363456', '34916412']"
23435,TARDBP,D057177,TDP-43 Proteinopathies,3,"['28066234', '33363456', '39327159']"
23435,TARDBP,D057180,Frontotemporal Dementia,3,"['28066234', '33363456', '34916412']"
7124,TNF,D007249,Inflammation,3,"['31703347', '34900753', '38019897']"
13489,Drd2,D010302,Parkinson Disease Secondary,3,"['27431292', '30746639', '42570776']"
366,AQP9,C538543,Preeclamptic toxemia,3,"['29567477', '34925067', '39955250']"
230908,Tardbp,D003072,Cognition Disorders,3,"['25392493', '28066234', '31068973']"
13488,Drd1,D004409,Dyskinesia Drug-Induced,3,"['30746639', '33547844', '41817828']"
230908,Tardbp,D000014,Abnormalities Drug-Induced,3,"['25392493', '28066234', '31068973']"
519148,STX2,D003092,Colitis,3,"['28888654', '29483033', '33685676']"
3091,HIF1A,D000860,Hypoxia,3,"['27488203', '30539720', '41242030']"
14810,Grin1,D012559,Schizophrenia,3,"['29394409', '32205341', '33822178']"
53947,A4GALT,D006463,Hemolytic-Uremic Syndrome,3,"['26335361', '32482148', '34155339']"
2054,STX2,D000743,Anemia Hemolytic,3,"['29068360', '30360505', '30513821']"
2054,STX2,D007249,Inflammation,3,"['25794836', '31703347', '34900753']"
14810,Grin1,D001523,Mental Disorders,2,"['32205341', '33822178']"
53947,A4GALT,D058186,Acute Kidney Injury,2,"['26335361', '34155339']"
7124,TNF,D006463,Hemolytic-Uremic Syndrome,2,"['31703347', '34900753']"
13492,Drd5,D010300,Parkinson Disease,2,"['40553107', '41817828']"
7124,TNF,D007239,Infections,2,"['31703347', '34900753']"
13492,Drd5,D002547,Cerebral Palsy,2,"['40553107', '41817828']"
581,BAX,D000860,Hypoxia,2,"['26568619', '27488203']"
7124,TNF,D058186,Acute Kidney Injury,2,"['31703347', '34900753']"
19293,Pvalb,D012559,Schizophrenia,2,"['29394409', '32205341']"
13489,Drd2,D004409,Dyskinesia Drug-Induced,2,"['30746639', '37683958']"
14281,Fos,D002547,Cerebral Palsy,2,"['30746639', '41817828']"
13489,Drd2,D002547,Cerebral Palsy,2,"['30746639', '40553107']"
13489,Drd2,D001523,Mental Disorders,2,"['27431292', '31833146']"
25130,Stx2,D006463,Hemolytic-Uremic Syndrome,2,"['30360505', '37979924']"
53947,A4GALT,D064420,Drug-Related Side Effects and Adverse Reactions,2,"['26335361', '34155339']"
573997,zgc:113984,D019966,Substance-Related Disorders,2,"['31848934', '38289455']"
18976,Pomc,D009765,Obesity,2,"['30283405', '32311511']"
13488,Drd1,D002547,Cerebral Palsy,2,"['30746639', '41817828']"
13488,Drd1,D001523,Mental Disorders,2,"['27431292', '31833146']"
366,AQP9,D016640,Diabetes Gestational,2,"['26568619', '36717499']"
366,AQP9,D014652,Vascular Diseases,2,"['30425647', '34925067']"
13852,Stx2,D003643,Death,2,"['30619183', '39553573']"
14281,Fos,D009437,Neuralgia,2,"['34930957', '41605341']"
14281,Fos,D004409,Dyskinesia Drug-Induced,2,"['30746639', '41817828']"
581,BAX,D011225,Pre-Eclampsia,2,"['26568619', '34925067']"
63888,A4galt,D000022,Abortion Spontaneous,2,"['25157355', '25819809']"
519148,STX2,D064420,Drug-Related Side Effects and Adverse Reactions,2,"['29483033', '33685676']"
230908,Tardbp,D009128,Muscle Spasticity,2,"['25392493', '28066234']"
230908,Tardbp,D009461,Neurologic Manifestations,2,"['25392493', '31068973']"
16491,Kcna3,D010300,Parkinson Disease,2,"['27568555', '35535012']"
230908,Tardbp,D057165,Proteostasis Deficiencies,2,"['28066234', '42134656']"
52897,Rbfox3,D001927,Brain Diseases,2,"['30732602', '35835234']"
52897,Rbfox3,D006463,Hemolytic-Uremic Syndrome,2,"['30732602', '35835234']"
2054,STX2,D013921,Thrombocytopenia,2,"['30360505', '30513821']"
2054,STX2,D003092,Colitis,2,"['25794836', '30360505']"
14580,Gfap,D003643,Death,2,"['30619183', '30732602']"
6804,STX1A,D058186,Acute Kidney Injury,2,"['26335361', '34822608']"
14580,Gfap,D001927,Brain Diseases,2,"['30732602', '35835234']"
6804,STX1A,D064420,Drug-Related Side Effects and Adverse Reactions,2,"['26335361', '34822608']"
2054,STX2,D002292,Carcinoma Renal Cell,2,"['34437406', '34900753']"
14281,Fos,D059350,Chronic Pain,2,"['34930957', '41605341']"
14281,Fos,D010302,Parkinson Disease Secondary,2,"['30746639', '41817828']"
14281,Fos,D010300,Parkinson Disease,2,"['30746639', '41817828']"
53947,A4GALT,D007674,Kidney Diseases,2,"['26335361', '34155339']"
13852,Stx2,D006463,Hemolytic-Uremic Syndrome,2,"['26030198', '30619183']"
18976,Pomc,D006963,Hyperphagia,2,"['30283405', '32311511']"
361,AQP4,D002303,Cardiac Output Low,2,"['31535145', '42576265']"
360,AQP3,C538543,Preeclamptic toxemia,2,"['29567477', '34267676']"
3354888,rl,D009634,Noonan Syndrome,2,"['28432141', '32360730']"
361,AQP4,D007249,Inflammation,2,"['34263427', '42576265']"
11346,SYNPO,D007674,Kidney Diseases,2,"['30139698', '30747154']"
11346,SYNPO,D000795,Fabry Disease,2,"['30139698', '30747154']"
836,CASP3,D000860,Hypoxia,2,"['26568619', '27488203']"
12367,Casp3,D009369,Neoplasms,2,"['29494356', '32525252']"
3354888,rl,D008607,Intellectual Disability,2,"['28432141', '32360730']"
12043,Bcl2,D009369,Neoplasms,2,"['29494356', '32525252']"
920,CD4,D007249,Inflammation,2,"['38019897', '40577142']"
358,AQP1,D002303,Cardiac Output Low,2,"['31535145', '42576265']"
358,AQP1,D011225,Pre-Eclampsia,2,"['26568619', '29567477']"
11545,Parp1,D009369,Neoplasms,2,"['29494356', '32525252']"
3091,HIF1A,D011225,Pre-Eclampsia,2,"['30539720', '41242030']"
50721,Sirt6,D012164,Retinal Diseases,1,['34804128']
5228,PGF,D007898,Leishmaniasis Visceral,1,['32482148']
358,AQP1,D011183,Postoperative Complications,1,['31535145']
5228,PGF,D006463,Hemolytic-Uremic Syndrome,1,['32482148']
4846,NOS3,D011225,Pre-Eclampsia,1,['36878143']
4790,NFKB1,D016104,Oligohydramnios,1,['41014673']
5228,PGF,D007239,Infections,1,['32482148']
5228,PGF,D007896,Leishmaniasis,1,['32482148']
5228,PGF,D007897,Leishmaniasis Mucocutaneous,1,['32482148']
5228,PGF,D008288,Malaria,1,['32482148']
5228,PGF,D005317,Fetal Growth Retardation,1,['32482148']
5228,PGF,D010922,Placenta Diseases,1,['32482148']
5228,PGF,D016773,Leishmaniasis Cutaneous,1,['32482148']
5228,PGF,D016774,Leishmaniasis Diffuse Cutaneous,1,['32482148']
52897,Rbfox3,D000090862,Neuroinflammatory Diseases,1,['35835234']
52897,Rbfox3,D000092223,Hippocampal Sclerosis,1,['30732602']
358,AQP1,D002821,Chorioamnionitis,1,['34971959']
52897,Rbfox3,D001929,Brain Edema,1,['30732602']
52897,Rbfox3,D003643,Death,1,['30732602']
5228,PGF,D005517,Foodborne Diseases,1,['32482148']
5228,PGF,D000013,Congenital Abnormalities,1,['32482148']
5228,PGF,D003141,Communicable Diseases,1,['32482148']
519148,STX2,D005517,Foodborne Diseases,1,['28888654']
51284,TLR7,D007249,Inflammation,1,['38019897']
358,AQP1,D007680,Kidney Neoplasms,1,['41457365']
51284,TLR7,D009369,Neoplasms,1,['38019897']
51284,TLR7,D015658,HIV Infections,1,['38019897']
358,AQP1,D007674,Kidney Diseases,1,['39442808']
358,AQP1,D009369,Neoplasms,1,['41457365']
519148,STX2,D004927,Escherichia coli Infections,1,['33685676']
358,AQP1,D007249,Inflammation,1,['42576265']
358,AQP1,D006463,Hemolytic-Uremic Syndrome,1,['39442808']
358,AQP1,D007706,Menkes Kinky Hair Syndrome,1,['39442808']
358,AQP1,D006333,Heart Failure,1,['42576265']
519148,STX2,D005767,Gastrointestinal Diseases,1,['33685676']
50721,Sirt6,D008659,Metabolic Diseases,1,['34804128']
358,AQP1,D004487,Edema,1,['42576265']
52897,Rbfox3,D003967,Diarrhea,1,['30732602']
5228,PGF,C000719624,fetal inflammatory response syndrome,1,['32482148']
50721,Sirt6,D003920,Diabetes Mellitus,1,['34804128']
5228,PGF,C535516,Hereditary leiomyomatosis and renal cell cancer,1,['32482148']
519148,STX2,D007239,Infections,1,['28888654']
366,AQP9,C538175,Acquired ichthyosis,1,['26568619']
52897,Rbfox3,D004487,Edema,1,['30732602']
358,AQP1,D063646,Carcinogenesis,1,['41457365']
53947,A4GALT,D005776,Gaucher Disease,1,['34155339']
3576,CXCL8,D007239,Infections,1,['31703347']
53947,A4GALT,D007239,Infections,1,['32482148']
3576,CXCL8,D006463,Hemolytic-Uremic Syndrome,1,['31703347']
53947,A4GALT,D007896,Leishmaniasis,1,['32482148']
53947,A4GALT,D007897,Leishmaniasis Mucocutaneous,1,['32482148']
53947,A4GALT,D007898,Leishmaniasis Visceral,1,['32482148']
3569,IL6,D058186,Acute Kidney Injury,1,['31703347']
53947,A4GALT,D008288,Malaria,1,['32482148']
3569,IL6,D007249,Inflammation,1,['31703347']
53947,A4GALT,D009369,Neoplasms,1,['40617562']
53947,A4GALT,D010922,Placenta Diseases,1,['32482148']
3569,IL6,D007239,Infections,1,['31703347']
53947,A4GALT,D016773,Leishmaniasis Cutaneous,1,['32482148']
53947,A4GALT,D016774,Leishmaniasis Diffuse Cutaneous,1,['32482148']
3569,IL6,D006463,Hemolytic-Uremic Syndrome,1,['31703347']
3552,IL1A,D015658,HIV Infections,1,['38019897']
3552,IL1A,D009369,Neoplasms,1,['38019897']
53947,A4GALT,D064726,Triple Negative Breast Neoplasms,1,['40617562']
5420,PODXL,D000795,Fabry Disease,1,['30747154']
5420,PODXL,D005921,Glomerulonephritis,1,['30747154']
5420,PODXL,D007674,Kidney Diseases,1,['30747154']
3552,IL1A,D007249,Inflammation,1,['38019897']
53947,A4GALT,D005517,Foodborne Diseases,1,['32482148']
3576,CXCL8,D007249,Inflammation,1,['31703347']
53947,A4GALT,D005317,Fetal Growth Retardation,1,['32482148']
5329,PLAUR,D007676,Kidney Failure Chronic,1,['28523190']
52897,Rbfox3,D007239,Infections,1,['35835234']
52897,Rbfox3,D007249,Inflammation,1,['35835234']
52897,Rbfox3,D009410,Nerve Degeneration,1,['30732602']
52897,Rbfox3,D009461,Neurologic Manifestations,1,['35835234']
358,AQP1,D002292,Carcinoma Renal Cell,1,['41457365']
358,AQP1,D001024,Aortic Valve Stenosis,1,['31535145']
52897,Rbfox3,D013901,Thoracic Outlet Syndrome,1,['30732602']
52897,Rbfox3,D019958,Attention Deficit and Disruptive Behavior Disorders,1,['35835234']
5329,PLAUR,D000795,Fabry Disease,1,['28523190']
358,AQP1,D000860,Hypoxia,1,['26568619']
5329,PLAUR,D011507,Proteinuria,1,['28523190']
3576,CXCL8,D058186,Acute Kidney Injury,1,['31703347']
53947,A4GALT,C000719624,fetal inflammatory response syndrome,1,['32482148']
358,AQP1,D000848,Anodontia,1,['26568619']
358,AQP1,C580424,Ring Chromosome 20 Syndrome,1,['26568619']
53947,A4GALT,C535516,Hereditary leiomyomatosis and renal cell cancer,1,['32482148']
53947,A4GALT,D000013,Congenital Abnormalities,1,['32482148']
53947,A4GALT,D003141,Communicable Diseases,1,['32482148']
358,AQP1,C538543,Preeclamptic toxemia,1,['29567477']
53947,A4GALT,D004403,Dysentery,1,['34155339']
358,AQP1,C538175,Acquired ichthyosis,1,['26568619']
358,AQP1,C536897,Tang Hsi Ryu syndrome,1,['31535145']
358,AQP1,D016640,Diabetes Gestational,1,['26568619']
3586,IL10,D007249,Inflammation,1,['38019897']
4790,NFKB1,D005322,Fetal Membranes Premature Rupture,1,['41014673']
394066,lin28a,D009410,Nerve Degeneration,1,['31997350']
3916,LAMP1,D007239,Infections,1,['34900753']
3916,LAMP1,D007249,Inflammation,1,['34900753']
361,AQP4,D009471,Neuromyelitis Optica,1,['34263427']
3916,LAMP1,D058186,Acute Kidney Injury,1,['34900753']
394066,lin28a,603933,603933,1,['31997350']
361,AQP4,D007706,Menkes Kinky Hair Syndrome,1,['39442808']
394066,lin28a,D001766,Blindness,1,['31997350']
394066,lin28a,D002534,Hypoxia Brain,1,['31997350']
394066,lin28a,D005911,Gliosis,1,['31997350']
361,AQP4,D007674,Kidney Diseases,1,['39442808']
394066,lin28a,D019636,Neurodegenerative Diseases,1,['31997350']
3916,LAMP1,D004927,Escherichia coli Infections,1,['34900753']
394066,lin28a,D020263,Lead Poisoning Nervous System,1,['31997350']
394066,lin28a,D058437,Hypertensive Retinopathy,1,['31997350']
361,AQP4,D006463,Hemolytic-Uremic Syndrome,1,['39442808']
394066,lin28a,D064420,Drug-Related Side Effects and Adverse Reactions,1,['31997350']
402974,pitx3,D019966,Substance-Related Disorders,1,['30826460']
405785,tnfa,603933,603933,1,['31997350']
361,AQP4,D006333,Heart Failure,1,['42576265']
361,AQP4,D006331,Heart Diseases,1,['34263427']
405785,tnfa,D001766,Blindness,1,['31997350']
405785,tnfa,D002534,Hypoxia Brain,1,['31997350']
3916,LAMP1,D006463,Hemolytic-Uremic Syndrome,1,['34900753']
361,AQP4,D011183,Postoperative Complications,1,['31535145']
405785,tnfa,D005911,Gliosis,1,['31997350']
387298,p2rx7,603933,603933,1,['31997350']
366,AQP9,D000079262,Obesity Maternal,1,['30425647']
366,AQP9,D000848,Anodontia,1,['26568619']
366,AQP9,D000860,Hypoxia,1,['26568619']
366,AQP9,D010922,Placenta Diseases,1,['30425647']
3627,CXCL10,D015658,HIV Infections,1,['38019897']
3627,CXCL10,D009369,Neoplasms,1,['38019897']
3627,CXCL10,D007249,Inflammation,1,['38019897']
3759,KCNJ2,D007249,Inflammation,1,['38019897']
3759,KCNJ2,D009369,Neoplasms,1,['38019897']
3759,KCNJ2,D015658,HIV Infections,1,['38019897']
387298,p2rx7,D001766,Blindness,1,['31997350']
3916,LAMP1,D003967,Diarrhea,1,['34900753']
387298,p2rx7,D002534,Hypoxia Brain,1,['31997350']
387298,p2rx7,D005911,Gliosis,1,['31997350']
387298,p2rx7,D009410,Nerve Degeneration,1,['31997350']
387298,p2rx7,D019636,Neurodegenerative Diseases,1,['31997350']
387298,p2rx7,D020263,Lead Poisoning Nervous System,1,['31997350']
387298,p2rx7,D058437,Hypertensive Retinopathy,1,['31997350']
361,AQP4,D012173,Retinitis,1,['34263427']
387298,p2rx7,D064420,Drug-Related Side Effects and Adverse Reactions,1,['31997350']
3916,LAMP1,D002292,Carcinoma Renal Cell,1,['34900753']
361,AQP4,D011225,Pre-Eclampsia,1,['30539720']
361,AQP4,D004487,Edema,1,['42576265']
405785,tnfa,D009410,Nerve Degeneration,1,['31997350']
4681,NBL1,D015658,HIV Infections,1,['38019897']
46415,Fer1HCH,D000090463,Iron Deficiencies,1,['41208638']
360,AQP3,D011254,Pregnancy in Diabetics,1,['31541456']
360,AQP3,D010922,Placenta Diseases,1,['30425647']
43149,Nf1,D019973,Alcohol-Related Disorders,1,['32360730']
360,AQP3,D006973,Hypertension,1,['34267676']
360,AQP3,D005322,Fetal Membranes Premature Rupture,1,['41014673']
360,AQP3,D000860,Hypoxia,1,['26568619']
43149,Nf1,D030342,Genetic Diseases Inborn,1,['32360730']
360,AQP3,D000848,Anodontia,1,['26568619']
43580,sima,D000860,Hypoxia,1,['40603573']
46415,Fer1HCH,612348,612348,1,['41208638']
46415,Fer1HCH,D001523,Mental Disorders,1,['41208638']
360,AQP3,D014652,Vascular Diseases,1,['30425647']
360,AQP3,D000079262,Obesity Maternal,1,['30425647']
360,AQP3,C580424,Ring Chromosome 20 Syndrome,1,['26568619']
360,AQP3,C538175,Acquired ichthyosis,1,['26568619']
46415,Fer1HCH,D002658,Developmental Disabilities,1,['41208638']
3586,IL10,D015658,HIV Infections,1,['38019897']
46415,Fer1HCH,D007153,Immunologic Deficiency Syndromes,1,['41208638']
4681,NBL1,D007249,Inflammation,1,['38019897']
4681,NBL1,D009369,Neoplasms,1,['38019897']
3586,IL10,D009369,Neoplasms,1,['38019897']
366,AQP9,C580424,Ring Chromosome 20 Syndrome,1,['26568619']
43149,Nf1,D009634,Noonan Syndrome,1,['32360730']
43149,Nf1,D008607,Intellectual Disability,1,['32360730']
361,AQP4,D001024,Aortic Valve Stenosis,1,['31535145']
4137,MAPT,D019636,Neurodegenerative Diseases,1,['29669277']
361,AQP4,D000860,Hypoxia,1,['30539720']
361,AQP4,C536897,Tang Hsi Ryu syndrome,1,['31535145']
405785,tnfa,D019636,Neurodegenerative Diseases,1,['31997350']
360,AQP3,D016640,Diabetes Gestational,1,['26568619']
405785,tnfa,D020263,Lead Poisoning Nervous System,1,['31997350']
405785,tnfa,D058437,Hypertensive Retinopathy,1,['31997350']
360,AQP3,D016104,Oligohydramnios,1,['41014673']
405785,tnfa,D064420,Drug-Related Side Effects and Adverse Reactions,1,['31997350']
4137,MAPT,D003072,Cognition Disorders,1,['29669277']
5420,PODXL,D011507,Proteinuria,1,['30747154']
4137,MAPT,D024801,Tauopathies,1,['29669277']
43149,Nf1,D008569,Memory Disorders,1,['32360730']
41709,foxo,D000860,Hypoxia,1,['40603573']
42490,Mvl,612348,612348,1,['41208638']
42490,Mvl,D000090463,Iron Deficiencies,1,['41208638']
42490,Mvl,D001523,Mental Disorders,1,['41208638']
42490,Mvl,D002658,Developmental Disabilities,1,['41208638']
42490,Mvl,D007153,Immunologic Deficiency Syndromes,1,['41208638']
4313,MMP2,D000026,Abortion Habitual,1,['30620717']
4313,MMP2,D006944,Hyperglycemic Hyperosmolar Nonketotic Coma,1,['34938200']
4313,MMP2,D064420,Drug-Related Side Effects and Adverse Reactions,1,['30620717']
43149,Nf1,D007859,Learning Disabilities,1,['32360730']
100102,Pcsk9,D003110,Colonic Neoplasms,1,['32525252']
59272,ACE2,D014777,Virus Diseases,1,['35431989']
5420,PODXL,D051436,Renal Insufficiency Chronic,1,['30747154']
79689,STEAP4,D009369,Neoplasms,1,['38019897']
7422,VEGFA,D016774,Leishmaniasis Diffuse Cutaneous,1,['32482148']
7431,VIM,D006463,Hemolytic-Uremic Syndrome,1,['27521227']
7431,VIM,D058186,Acute Kidney Injury,1,['27521227']
7432,VIP,D004194,Disease,1,['41183746']
7442,TRPV1,C538543,Preeclamptic toxemia,1,['27016779']
7442,TRPV1,D010922,Placenta Diseases,1,['27016779']
7442,TRPV1,D011225,Pre-Eclampsia,1,['27016779']
775,CACNA1C,D010300,Parkinson Disease,1,['37852390']
776,CACNA1D,D010300,Parkinson Disease,1,['37852390']
79213,Slc6a11,D003072,Cognition Disorders,1,['42086667']
79213,Slc6a11,D009461,Neurologic Manifestations,1,['42086667']
793,CALB1,D004194,Disease,1,['41183746']
79689,STEAP4,D007249,Inflammation,1,['38019897']
79689,STEAP4,D015658,HIV Infections,1,['38019897']
818,CAMK2G,D020018,Sexual Dysfunctions Psychological,1,['26493441']
797150,hif1aa,603933,603933,1,['31997350']
797150,hif1aa,D001766,Blindness,1,['31997350']
797150,hif1aa,D002534,Hypoxia Brain,1,['31997350']
797150,hif1aa,D005911,Gliosis,1,['31997350']
797150,hif1aa,D009410,Nerve Degeneration,1,['31997350']
797150,hif1aa,D019636,Neurodegenerative Diseases,1,['31997350']
797150,hif1aa,D020263,Lead Poisoning Nervous System,1,['31997350']
797150,hif1aa,D058437,Hypertensive Retinopathy,1,['31997350']
797150,hif1aa,D064420,Drug-Related Side Effects and Adverse Reactions,1,['31997350']
8128,ST8SIA2,D006463,Hemolytic-Uremic Syndrome,1,['34822608']
8128,ST8SIA2,D009336,Necrosis,1,['34822608']
8128,ST8SIA2,D058186,Acute Kidney Injury,1,['34822608']
8128,ST8SIA2,D064420,Drug-Related Side Effects and Adverse Reactions,1,['34822608']
7422,VEGFA,D016773,Leishmaniasis Cutaneous,1,['32482148']
7422,VEGFA,D011225,Pre-Eclampsia,1,['36878143']
7422,VEGFA,D010922,Placenta Diseases,1,['32482148']
7422,VEGFA,D008288,Malaria,1,['32482148']
7124,TNF,C538543,Preeclamptic toxemia,1,['34267676']
7124,TNF,D002292,Carcinoma Renal Cell,1,['34900753']
7124,TNF,D003967,Diarrhea,1,['34900753']
7124,TNF,D004927,Escherichia coli Infections,1,['34900753']
7124,TNF,D006973,Hypertension,1,['34267676']
7124,TNF,D009369,Neoplasms,1,['38019897']
7124,TNF,D015658,HIV Infections,1,['38019897']
7130,TNFAIP6,D007249,Inflammation,1,['38019897']
7130,TNFAIP6,D009369,Neoplasms,1,['38019897']
7130,TNFAIP6,D015658,HIV Infections,1,['38019897']
7357,UGCG,D004403,Dysentery,1,['34155339']
7357,UGCG,D005776,Gaucher Disease,1,['34155339']
7357,UGCG,D006463,Hemolytic-Uremic Syndrome,1,['34155339']
7357,UGCG,D007674,Kidney Diseases,1,['34155339']
7357,UGCG,D058186,Acute Kidney Injury,1,['34155339']
7357,UGCG,D064420,Drug-Related Side Effects and Adverse Reactions,1,['34155339']
7422,VEGFA,C000719624,fetal inflammatory response syndrome,1,['32482148']
7422,VEGFA,C535516,Hereditary leiomyomatosis and renal cell cancer,1,['32482148']
7422,VEGFA,D000013,Congenital Abnormalities,1,['32482148']
7422,VEGFA,D003141,Communicable Diseases,1,['32482148']
7422,VEGFA,D005317,Fetal Growth Retardation,1,['32482148']
7422,VEGFA,D005517,Foodborne Diseases,1,['32482148']
7422,VEGFA,D006463,Hemolytic-Uremic Syndrome,1,['32482148']
7422,VEGFA,D007239,Infections,1,['32482148']
7422,VEGFA,D007896,Leishmaniasis,1,['32482148']
7422,VEGFA,D007897,Leishmaniasis Mucocutaneous,1,['32482148']
7422,VEGFA,D007898,Leishmaniasis Visceral,1,['32482148']
81646,Creb1,D014029,Tobacco Use Disorder,1,['25981209']
81818,Vim,D000026,Abortion Habitual,1,['38086442']
566096,hp,D019572,Retinal Neoplasms,1,['30102439']
9467,SH3BP5,C536271,Ichthyosis prematurity syndrome,1,['35957815']
920,CD4,D006973,Hypertension,1,['40577142']
920,CD4,D007674,Kidney Diseases,1,['40577142']
920,CD4,D009369,Neoplasms,1,['38019897']
920,CD4,D015658,HIV Infections,1,['38019897']
9314,KLF4,D000860,Hypoxia,1,['41242030']
9314,KLF4,D002534,Hypoxia Brain,1,['41242030']
9314,KLF4,D005317,Fetal Growth Retardation,1,['41242030']
9314,KLF4,D011225,Pre-Eclampsia,1,['41242030']
9314,KLF4,D048949,Labor Pain,1,['41242030']
941,CD80,C565423,Hypomagnesemia 5 Renal with Ocular Involvement,1,['27733175']
941,CD80,D000795,Fabry Disease,1,['27733175']
941,CD80,D007674,Kidney Diseases,1,['27733175']
941,CD80,D011507,Proteinuria,1,['27733175']
9467,SH3BP5,D000026,Abortion Habitual,1,['35957815']
81818,Vim,D000230,Adenocarcinoma,1,['38086442']
9467,SH3BP5,D008107,Liver Diseases,1,['35957815']
959,CD40LG,D000073436,Microvascular Rarefaction,1,['29068360']
959,CD40LG,D000743,Anemia Hemolytic,1,['29068360']
959,CD40LG,D001157,Arterial Occlusive Diseases,1,['29068360']
959,CD40LG,D003967,Diarrhea,1,['29068360']
959,CD40LG,D006463,Hemolytic-Uremic Syndrome,1,['29068360']
959,CD40LG,D013927,Thrombosis,1,['29068360']
969,CD69,D002292,Carcinoma Renal Cell,1,['34900753']
969,CD69,D003967,Diarrhea,1,['34900753']
969,CD69,D004927,Escherichia coli Infections,1,['34900753']
969,CD69,D006463,Hemolytic-Uremic Syndrome,1,['34900753']
969,CD69,D007239,Infections,1,['34900753']
969,CD69,D007249,Inflammation,1,['34900753']
8842,PROM1,D058186,Acute Kidney Injury,1,['27521227']
8842,PROM1,D006463,Hemolytic-Uremic Syndrome,1,['27521227']
857,CAV1,D011254,Pregnancy in Diabetics,1,['31541456']
857,CAV1,D006944,Hyperglycemic Hyperosmolar Nonketotic Coma,1,['34938200']
81818,Vim,D006463,Hemolytic-Uremic Syndrome,1,['38086442']
81818,Vim,D007674,Kidney Diseases,1,['38086442']
81818,Vim,D016388,Tooth Loss,1,['38086442']
81818,Vim,D058186,Acute Kidney Injury,1,['38086442']
836,CASP3,C538175,Acquired ichthyosis,1,['26568619']
836,CASP3,C580424,Ring Chromosome 20 Syndrome,1,['26568619']
836,CASP3,D000848,Anodontia,1,['26568619']
836,CASP3,D011225,Pre-Eclampsia,1,['26568619']
836,CASP3,D016640,Diabetes Gestational,1,['26568619']
83626,Ugcg,C557674,SeSAME syndrome,1,['41800087']
83626,Ugcg,D000230,Adenocarcinoma,1,['41800087']
83626,Ugcg,D003967,Diarrhea,1,['41800087']
83626,Ugcg,D004403,Dysentery,1,['41800087']
83626,Ugcg,D006463,Hemolytic-Uremic Syndrome,1,['41800087']
83626,Ugcg,D007674,Kidney Diseases,1,['41800087']
83626,Ugcg,D007683,Kidney Tubular Necrosis Acute,1,['41800087']
83626,Ugcg,D058186,Acute Kidney Injury,1,['41800087']
83629,Slc12a2,C567159,Spherocytosis Type 1,1,['34320266']
83629,Slc12a2,D006973,Hypertension,1,['34320266']
83785,Vegfa,D000022,Abortion Spontaneous,1,['25819809']
83785,Vegfa,D000860,Hypoxia,1,['25819809']
83785,Vegfa,D005317,Fetal Growth Retardation,1,['25819809']
83785,Vegfa,D007249,Inflammation,1,['25819809']
84557,MAP1LC3A,D009369,Neoplasms,1,['40617562']
84557,MAP1LC3A,D064726,Triple Negative Breast Neoplasms,1,['40617562']
84577,Hdac2,D014029,Tobacco Use Disorder,1,['25981209']
857,CAV1,C538543,Preeclamptic toxemia,1,['27342375']
7099,TLR4,D015658,HIV Infections,1,['38019897']
7099,TLR4,D009369,Neoplasms,1,['38019897']
7099,TLR4,D007249,Inflammation,1,['38019897']
6348,CCL3,C535516,Hereditary leiomyomatosis and renal cell cancer,1,['32482148']
6347,CCL2,D003141,Communicable Diseases,1,['32482148']
6347,CCL2,D005317,Fetal Growth Retardation,1,['32482148']
6347,CCL2,D005517,Foodborne Diseases,1,['32482148']
6347,CCL2,D006463,Hemolytic-Uremic Syndrome,1,['32482148']
6347,CCL2,D007239,Infections,1,['32482148']
6347,CCL2,D007896,Leishmaniasis,1,['32482148']
6347,CCL2,D007897,Leishmaniasis Mucocutaneous,1,['32482148']
6347,CCL2,D007898,Leishmaniasis Visceral,1,['32482148']
6347,CCL2,D008288,Malaria,1,['32482148']
6347,CCL2,D010922,Placenta Diseases,1,['32482148']
6347,CCL2,D016773,Leishmaniasis Cutaneous,1,['32482148']
6347,CCL2,D016774,Leishmaniasis Diffuse Cutaneous,1,['32482148']
6348,CCL3,C000719624,fetal inflammatory response syndrome,1,['32482148']
6348,CCL3,D000013,Congenital Abnormalities,1,['32482148']
7056,THBD,D048949,Labor Pain,1,['41242030']
6348,CCL3,D003141,Communicable Diseases,1,['32482148']
6348,CCL3,D005317,Fetal Growth Retardation,1,['32482148']
6348,CCL3,D005517,Foodborne Diseases,1,['32482148']
6348,CCL3,D006463,Hemolytic-Uremic Syndrome,1,['32482148']
6348,CCL3,D007239,Infections,1,['32482148']
6348,CCL3,D007896,Leishmaniasis,1,['32482148']
6348,CCL3,D007897,Leishmaniasis Mucocutaneous,1,['32482148']
6348,CCL3,D007898,Leishmaniasis Visceral,1,['32482148']
6348,CCL3,D008288,Malaria,1,['32482148']
6348,CCL3,D010922,Placenta Diseases,1,['32482148']
6348,CCL3,D016773,Leishmaniasis Cutaneous,1,['32482148']
6348,CCL3,D016774,Leishmaniasis Diffuse Cutaneous,1,['32482148']
6352,CCL5,C000719624,fetal inflammatory response syndrome,1,['32482148']
6347,CCL2,D000013,Congenital Abnormalities,1,['32482148']
6347,CCL2,C535516,Hereditary leiomyomatosis and renal cell cancer,1,['32482148']
6347,CCL2,C000719624,fetal inflammatory response syndrome,1,['32482148']
596,BCL2,D016104,Oligohydramnios,1,['41014673']
566096,hp,D057772,Vascular System Injuries,1,['30102439']
569250,ehmt2,D019966,Substance-Related Disorders,1,['38289455']
573997,zgc:113984,D001007,Anxiety,1,['31848934']
5806,PTX3,D007249,Inflammation,1,['38019897']
5806,PTX3,D009369,Neoplasms,1,['38019897']
5806,PTX3,D015658,HIV Infections,1,['38019897']
581,BAX,C538175,Acquired ichthyosis,1,['26568619']
581,BAX,C538543,Preeclamptic toxemia,1,['34925067']
581,BAX,C580424,Ring Chromosome 20 Syndrome,1,['26568619']
581,BAX,D000848,Anodontia,1,['26568619']
581,BAX,D005322,Fetal Membranes Premature Rupture,1,['41014673']
581,BAX,D014652,Vascular Diseases,1,['34925067']
581,BAX,D016104,Oligohydramnios,1,['41014673']
581,BAX,D016640,Diabetes Gestational,1,['26568619']
59272,ACE2,D000086382,COVID-19,1,['35431989']
59272,ACE2,D007249,Inflammation,1,['35431989']
3458,IFNG,D007249,Inflammation,1,['34900753']
59341,TRPV4,D002292,Carcinoma Renal Cell,1,['41457365']
59341,TRPV4,D004487,Edema,1,['28098409']
59341,TRPV4,D007680,Kidney Neoplasms,1,['41457365']
59341,TRPV4,D009369,Neoplasms,1,['41457365']
59341,TRPV4,D063646,Carcinogenesis,1,['41457365']
596,BCL2,C538543,Preeclamptic toxemia,1,['34925067']
596,BCL2,D000860,Hypoxia,1,['27488203']
596,BCL2,D005322,Fetal Membranes Premature Rupture,1,['41014673']
596,BCL2,D011225,Pre-Eclampsia,1,['34925067']
596,BCL2,D014652,Vascular Diseases,1,['34925067']
6352,CCL5,C535516,Hereditary leiomyomatosis and renal cell cancer,1,['32482148']
6352,CCL5,D000013,Congenital Abnormalities,1,['32482148']
6352,CCL5,D003141,Communicable Diseases,1,['32482148']
6804,STX1A,D000026,Abortion Habitual,1,['35957815']
6804,STX1A,D004927,Escherichia coli Infections,1,['42347511']
6804,STX1A,D006030,Glycosuria Renal,1,['34437406']
6804,STX1A,D007674,Kidney Diseases,1,['26335361']
6804,STX1A,D008107,Liver Diseases,1,['35957815']
6804,STX1A,D009336,Necrosis,1,['34822608']
6804,STX1A,D009369,Neoplasms,1,['40617562']
6804,STX1A,D064726,Triple Negative Breast Neoplasms,1,['40617562']
6853,MRX50,C537708,Kifafa seizure disorder,1,['34823607']
6853,MRX50,D000073376,Epileptic Syndromes,1,['34823607']
6853,MRX50,D004827,Epilepsy,1,['34823607']
6853,MRX50,D004832,Epilepsy Absence,1,['34823607']
6853,MRX50,D012652,Self Mutilation,1,['34823607']
7038,TG,D003409,Congenital Hypothyroidism,1,['42611393']
7038,TG,D006042,Goiter,1,['42611393']
7038,TG,D007153,Immunologic Deficiency Syndromes,1,['42611393']
7038,TG,D009369,Neoplasms,1,['42611393']
7038,TG,D018263,Adenocarcinoma Follicular,1,['42611393']
7038,TG,D024182,Uniparental Disomy,1,['42611393']
7038,TG,D063646,Carcinogenesis,1,['42611393']
7054,TH,D000090862,Neuroinflammatory Diseases,1,['39947439']
7054,TH,D004194,Disease,1,['41183746']
7054,TH,D010300,Parkinson Disease,1,['39947439']
7054,TH,D020258,Neurotoxicity Syndromes,1,['39947439']
7056,THBD,D000860,Hypoxia,1,['41242030']
7056,THBD,D002534,Hypoxia Brain,1,['41242030']
7056,THBD,D005317,Fetal Growth Retardation,1,['41242030']
7056,THBD,D011225,Pre-Eclampsia,1,['41242030']
6804,STX1A,D002292,Carcinoma Renal Cell,1,['34437406']
6804,STX1A,C536271,Ichthyosis prematurity syndrome,1,['35957815']
6352,CCL5,D005317,Fetal Growth Retardation,1,['32482148']
66849,Ppp1r2,D012559,Schizophrenia,1,['29394409']
6352,CCL5,D005517,Foodborne Diseases,1,['32482148']
6352,CCL5,D006463,Hemolytic-Uremic Syndrome,1,['32482148']
6352,CCL5,D007239,Infections,1,['32482148']
6352,CCL5,D007896,Leishmaniasis,1,['32482148']
6352,CCL5,D007897,Leishmaniasis Mucocutaneous,1,['32482148']
6352,CCL5,D007898,Leishmaniasis Visceral,1,['32482148']
6352,CCL5,D008288,Malaria,1,['32482148']
6352,CCL5,D010922,Placenta Diseases,1,['32482148']
6352,CCL5,D016773,Leishmaniasis Cutaneous,1,['32482148']
6352,CCL5,D016774,Leishmaniasis Diffuse Cutaneous,1,['32482148']
63888,A4galt,D000079262,Obesity Maternal,1,['25157355']
63888,A4galt,D000860,Hypoxia,1,['25819809']
63888,A4galt,D005317,Fetal Growth Retardation,1,['25819809']
63888,A4galt,D007249,Inflammation,1,['25819809']
63888,A4galt,D015431,Weight Loss,1,['25157355']
6531,SLC6A3,D000090862,Neuroinflammatory Diseases,1,['39947439']
6531,SLC6A3,D004194,Disease,1,['41183746']
6531,SLC6A3,D010300,Parkinson Disease,1,['39947439']
6531,SLC6A3,D020258,Neurotoxicity Syndromes,1,['39947439']
6548,SLC9A1,D000138,Acidosis,1,['26470817']
6548,SLC9A1,D002292,Carcinoma Renal Cell,1,['41824201']
6548,SLC9A1,D009369,Neoplasms,1,['41824201']
6549,SLC9A2,D000138,Acidosis,1,['26470817']
6550,SLC9A3,D000138,Acidosis,1,['26470817']
6571,SLC18A2,D000090862,Neuroinflammatory Diseases,1,['39947439']
6571,SLC18A2,D010300,Parkinson Disease,1,['39947439']
6571,SLC18A2,D020258,Neurotoxicity Syndromes,1,['39947439']
3458,IFNG,D058186,Acute Kidney Injury,1,['34900753']
3091,HIF1A,D048949,Labor Pain,1,['41242030']
3458,IFNG,D007239,Infections,1,['34900753']
13489,Drd2,D051556,Hyperbilirubinemia Neonatal,1,['42570776']
1440,CSF3,D015658,HIV Infections,1,['38019897']
14580,Gfap,D000090862,Neuroinflammatory Diseases,1,['35835234']
14580,Gfap,D000092223,Hippocampal Sclerosis,1,['30732602']
14580,Gfap,D001929,Brain Edema,1,['30732602']
14580,Gfap,D002493,Central Nervous System Diseases,1,['30619183']
14580,Gfap,D003967,Diarrhea,1,['30732602']
14580,Gfap,D004487,Edema,1,['30732602']
14580,Gfap,D004927,Escherichia coli Infections,1,['30619183']
14580,Gfap,D007239,Infections,1,['35835234']
14580,Gfap,D007249,Inflammation,1,['35835234']
14580,Gfap,D007410,Intestinal Diseases,1,['30619183']
14580,Gfap,D009410,Nerve Degeneration,1,['30732602']
14580,Gfap,D009461,Neurologic Manifestations,1,['35835234']
14580,Gfap,D013901,Thoracic Outlet Syndrome,1,['30732602']
14580,Gfap,D019958,Attention Deficit and Disruptive Behavior Disorders,1,['35835234']
14599,Gh,D006529,Hepatomegaly,1,['32259636']
14599,Gh,D006984,Hypertrophy,1,['32259636']
14599,Gh,D007249,Inflammation,1,['32259636']
14599,Gh,D008113,Liver Neoplasms,1,['32259636']
14599,Gh,D009369,Neoplasms,1,['32259636']
14599,Gh,D063646,Carcinogenesis,1,['32259636']
14617,Gjd2,D007239,Infections,1,['31780897']
14617,Gjd2,D007249,Inflammation,1,['31780897']
14617,Gjd2,D007511,Ischemia,1,['31780897']
14617,Gjd2,D009369,Neoplasms,1,['31780897']
14617,Gjd2,D009422,Nervous System Diseases,1,['31780897']
14617,Gjd2,D014947,Wounds and Injuries,1,['31780897']
1440,CSF3,D009369,Neoplasms,1,['38019897']
1440,CSF3,D007249,Inflammation,1,['38019897']
14281,Fos,D059445,Anhedonia,1,['41605341']
1401,CRP,D004487,Edema,1,['42576265']
13492,Drd5,D004409,Dyskinesia Drug-Induced,1,['41817828']
13492,Drd5,D010302,Parkinson Disease Secondary,1,['41817828']
135,ADORA2A,D000860,Hypoxia,1,['42601945']
135,ADORA2A,D011225,Pre-Eclampsia,1,['42601945']
13852,Stx2,D002493,Central Nervous System Diseases,1,['30619183']
13852,Stx2,D003807,Dentin Sensitivity,1,['39553573']
13852,Stx2,D004927,Escherichia coli Infections,1,['30619183']
13852,Stx2,D007239,Infections,1,['26030198']
13852,Stx2,D007410,Intestinal Diseases,1,['30619183']
13852,Stx2,D014511,Uremia,1,['26030198']
13852,Stx2,D019636,Neurodegenerative Diseases,1,['39553573']
1401,CRP,D002303,Cardiac Output Low,1,['42576265']
1401,CRP,D006333,Heart Failure,1,['42576265']
14281,Fos,D018149,Glucose Intolerance,1,['30283405']
1401,CRP,D007249,Inflammation,1,['42576265']
14281,Fos,D000080902,Mandibular Nerve Injuries,1,['41605341']
14281,Fos,D001068,Feeding and Eating Disorders,1,['41605341']
14281,Fos,D001523,Mental Disorders,1,['31833146']
14281,Fos,D002032,Bulimia,1,['41605341']
14281,Fos,D003920,Diabetes Mellitus,1,['30283405']
14281,Fos,D004342,Drug Hypersensitivity,1,['41605341']
14281,Fos,D006963,Hyperphagia,1,['30283405']
14281,Fos,D007333,Insulin Resistance,1,['30283405']
14281,Fos,D009765,Obesity,1,['30283405']
14281,Fos,D010146,Pain,1,['41605341']
14281,Fos,D012559,Schizophrenia,1,['29394409']
14617,Gjd2,D019636,Neurodegenerative Diseases,1,['31780897']
14645,Glul,D003920,Diabetes Mellitus,1,['34804128']
14645,Glul,D008659,Metabolic Diseases,1,['34804128']
17196,Mbp,D004487,Edema,1,['30732602']
170496,Lcn2,D000230,Adenocarcinoma,1,['41800087']
170496,Lcn2,D003967,Diarrhea,1,['41800087']
170496,Lcn2,D004403,Dysentery,1,['41800087']
170496,Lcn2,D006463,Hemolytic-Uremic Syndrome,1,['41800087']
170496,Lcn2,D007674,Kidney Diseases,1,['41800087']
170496,Lcn2,D007683,Kidney Tubular Necrosis Acute,1,['41800087']
170496,Lcn2,D058186,Acute Kidney Injury,1,['41800087']
17196,Mbp,D000092223,Hippocampal Sclerosis,1,['30732602']
17196,Mbp,D001927,Brain Diseases,1,['30732602']
17196,Mbp,D001929,Brain Edema,1,['30732602']
17196,Mbp,D003643,Death,1,['30732602']
17196,Mbp,D003967,Diarrhea,1,['30732602']
17196,Mbp,D006463,Hemolytic-Uremic Syndrome,1,['30732602']
16783,Lamp1,D064420,Drug-Related Side Effects and Adverse Reactions,1,['32525252']
17196,Mbp,D009410,Nerve Degeneration,1,['30732602']
17196,Mbp,D013901,Thoracic Outlet Syndrome,1,['30732602']
17395,Mmp9,D005317,Fetal Growth Retardation,1,['30204500']
17395,Mmp9,D011225,Pre-Eclampsia,1,['30204500']
17395,Mmp9,D011248,Pregnancy Complications,1,['30204500']
17395,Mmp9,D016388,Tooth Loss,1,['30204500']
17708,COX1,D006529,Hepatomegaly,1,['32259636']
17708,COX1,D006984,Hypertrophy,1,['32259636']
17708,COX1,D007249,Inflammation,1,['32259636']
17708,COX1,D008113,Liver Neoplasms,1,['32259636']
17708,COX1,D009369,Neoplasms,1,['32259636']
17708,COX1,D063646,Carcinogenesis,1,['32259636']
170496,Lcn2,C557674,SeSAME syndrome,1,['41800087']
16783,Lamp1,D015179,Colorectal Neoplasms,1,['32525252']
14645,Glul,D012164,Retinal Diseases,1,['34804128']
16183,Il2,D000090862,Neuroinflammatory Diseases,1,['35835234']
14810,Grin1,D002658,Developmental Disabilities,1,['32205341']
14810,Grin1,D030342,Genetic Diseases Inborn,1,['32205341']
15530,Hspg2,D019636,Neurodegenerative Diseases,1,['26484945']
15550,Htr1a,D019636,Neurodegenerative Diseases,1,['26484945']
15558,Htr2a,D008569,Memory Disorders,1,['26779016']
15558,Htr2a,D009422,Nervous System Diseases,1,['26779016']
15558,Htr2a,D019636,Neurodegenerative Diseases,1,['26484945']
15978,Ifng,D003110,Colonic Neoplasms,1,['32525252']
15978,Ifng,D005770,Gastrointestinal Neoplasms,1,['32525252']
15978,Ifng,D009369,Neoplasms,1,['32525252']
15978,Ifng,D015179,Colorectal Neoplasms,1,['32525252']
15978,Ifng,D064420,Drug-Related Side Effects and Adverse Reactions,1,['32525252']
16183,Il2,D001927,Brain Diseases,1,['35835234']
16783,Lamp1,D009369,Neoplasms,1,['32525252']
16183,Il2,D006463,Hemolytic-Uremic Syndrome,1,['35835234']
16183,Il2,D007239,Infections,1,['35835234']
16183,Il2,D007249,Inflammation,1,['35835234']
16183,Il2,D009461,Neurologic Manifestations,1,['35835234']
16183,Il2,D019958,Attention Deficit and Disruptive Behavior Disorders,1,['35835234']
1644,DDC,D004194,Disease,1,['41183746']
16491,Kcna3,D002547,Cerebral Palsy,1,['35535012']
16491,Kcna3,D004409,Dyskinesia Drug-Induced,1,['35535012']
16491,Kcna3,D009069,Movement Disorders,1,['35535012']
16491,Kcna3,D010302,Parkinson Disease Secondary,1,['27568555']
16783,Lamp1,D003110,Colonic Neoplasms,1,['32525252']
16783,Lamp1,D005770,Gastrointestinal Neoplasms,1,['32525252']
13489,Drd2,D063726,Delusional Parasitosis,1,['27431292']
13489,Drd2,D020233,Gait Disorders Neurologic,1,['27431292']
17709,COX2,D006984,Hypertrophy,1,['32259636']
13489,Drd2,D016135,Spinal Dysraphism,1,['42570776']
11545,Parp1,D003110,Colonic Neoplasms,1,['32525252']
11545,Parp1,D005770,Gastrointestinal Neoplasms,1,['32525252']
11545,Parp1,D008545,Melanoma,1,['29494356']
11545,Parp1,D015179,Colorectal Neoplasms,1,['32525252']
11545,Parp1,D064420,Drug-Related Side Effects and Adverse Reactions,1,['32525252']
11827,Aqp2,D000138,Acidosis,1,['31811544']
11828,Aqp3,D000014,Abnormalities Drug-Induced,1,['39461007']
11829,Aqp4,D000090862,Neuroinflammatory Diseases,1,['42404802']
11829,Aqp4,D000690,Amyotrophic Lateral Sclerosis,1,['42404802']
11829,Aqp4,D019636,Neurodegenerative Diseases,1,['42404802']
11829,Aqp4,D057177,TDP-43 Proteinopathies,1,['42404802']
11829,Aqp4,D057180,Frontotemporal Dementia,1,['42404802']
11838,Arc,D002547,Cerebral Palsy,1,['30746639']
11838,Arc,D004409,Dyskinesia Drug-Induced,1,['30746639']
11838,Arc,D010300,Parkinson Disease,1,['30746639']
11838,Arc,D010302,Parkinson Disease Secondary,1,['30746639']
11998,Avp,C535672,Acute cholinergic dysautonomia,1,['35752429']
11998,Avp,D001007,Anxiety,1,['35752429']
11998,Avp,D008569,Memory Disorders,1,['35752429']
12043,Bcl2,D003110,Colonic Neoplasms,1,['32525252']
12043,Bcl2,D005770,Gastrointestinal Neoplasms,1,['32525252']
12043,Bcl2,D008545,Melanoma,1,['29494356']
12043,Bcl2,D015179,Colorectal Neoplasms,1,['32525252']
12043,Bcl2,D064420,Drug-Related Side Effects and Adverse Reactions,1,['32525252']
12048,Bcl2l1,D003110,Colonic Neoplasms,1,['32525252']
12048,Bcl2l1,D005770,Gastrointestinal Neoplasms,1,['32525252']
12048,Bcl2l1,D009369,Neoplasms,1,['32525252']
114737,Iba1,D013901,Thoracic Outlet Syndrome,1,['30732602']
114737,Iba1,D009410,Nerve Degeneration,1,['30732602']
114737,Iba1,D006463,Hemolytic-Uremic Syndrome,1,['30732602']
109648,Npy,D006963,Hyperphagia,1,['32311511']
100102,Pcsk9,D009369,Neoplasms,1,['32525252']
100102,Pcsk9,D015179,Colorectal Neoplasms,1,['32525252']
100102,Pcsk9,D064420,Drug-Related Side Effects and Adverse Reactions,1,['32525252']
10536,P3H3,D007249,Inflammation,1,['38019897']
10536,P3H3,D009369,Neoplasms,1,['38019897']
10536,P3H3,D015658,HIV Infections,1,['38019897']
10725,NFAT5,D005322,Fetal Membranes Premature Rupture,1,['41014673']
10725,NFAT5,D016104,Oligohydramnios,1,['41014673']
108058,Camk2d,D002547,Cerebral Palsy,1,['30895594']
108058,Camk2d,D004409,Dyskinesia Drug-Induced,1,['30895594']
108058,Camk2d,D009410,Nerve Degeneration,1,['30895594']
108058,Camk2d,D010300,Parkinson Disease,1,['30895594']
109648,Npy,D009765,Obesity,1,['32311511']
114737,Iba1,D004487,Edema,1,['30732602']
11346,SYNPO,D000419,Albuminuria,1,['30139698']
11346,SYNPO,D005921,Glomerulonephritis,1,['30747154']
11346,SYNPO,D009386,Neoplastic Syndromes Hereditary,1,['30139698']
11346,SYNPO,D011507,Proteinuria,1,['30747154']
11346,SYNPO,D051436,Renal Insufficiency Chronic,1,['30747154']
11423,Ache,D000068079,Motor Disorders,1,['30658119']
11423,Ache,D009410,Nerve Degeneration,1,['30658119']
114737,Iba1,D000092223,Hippocampal Sclerosis,1,['30732602']
114737,Iba1,D001927,Brain Diseases,1,['30732602']
114737,Iba1,D001929,Brain Edema,1,['30732602']
114737,Iba1,D003643,Death,1,['30732602']
114737,Iba1,D003967,Diarrhea,1,['30732602']
12048,Bcl2l1,D015179,Colorectal Neoplasms,1,['32525252']
12048,Bcl2l1,D064420,Drug-Related Side Effects and Adverse Reactions,1,['32525252']
12122,Bid,D003110,Colonic Neoplasms,1,['32525252']
13488,Drd1,D014202,Tremor,1,['27431292']
13370,Dio1,D009069,Movement Disorders,1,['35535012']
13370,Dio1,D010300,Parkinson Disease,1,['35535012']
13488,Drd1,D000068079,Motor Disorders,1,['27431292']
13488,Drd1,D001259,Ataxia,1,['27431292']
13488,Drd1,D001714,Bipolar Disorder,1,['27431292']
13488,Drd1,D002389,Catatonia,1,['27431292']
13488,Drd1,D003704,Dementia,1,['27431292']
13488,Drd1,D005879,Tourette Syndrome,1,['27431292']
13488,Drd1,D007859,Learning Disabilities,1,['27431292']
13488,Drd1,D009069,Movement Disorders,1,['33547844']
13488,Drd1,D009771,Obsessive-Compulsive Disorder,1,['27431292']
13488,Drd1,D012559,Schizophrenia,1,['27431292']
13488,Drd1,D020233,Gait Disorders Neurologic,1,['27431292']
13370,Dio1,D002547,Cerebral Palsy,1,['35535012']
13488,Drd1,D063726,Delusional Parasitosis,1,['27431292']
13489,Drd2,D000068079,Motor Disorders,1,['27431292']
13489,Drd2,D001259,Ataxia,1,['27431292']
13489,Drd2,D001714,Bipolar Disorder,1,['27431292']
13489,Drd2,D002389,Catatonia,1,['27431292']
13489,Drd2,D003704,Dementia,1,['27431292']
13489,Drd2,D003866,Depressive Disorder,1,['42570776']
13489,Drd2,D005879,Tourette Syndrome,1,['27431292']
13489,Drd2,D007859,Learning Disabilities,1,['27431292']
13489,Drd2,D009771,Obsessive-Compulsive Disorder,1,['27431292']
13489,Drd2,D012559,Schizophrenia,1,['27431292']
13489,Drd2,D014202,Tremor,1,['27431292']
13370,Dio1,D004409,Dyskinesia Drug-Induced,1,['35535012']
1302,COL11A2,D000860,Hypoxia,1,['27488203']
12122,Bid,D005770,Gastrointestinal Neoplasms,1,['32525252']
12371,Casp9,D009369,Neoplasms,1,['29494356']
12122,Bid,D009369,Neoplasms,1,['32525252']
12122,Bid,D015179,Colorectal Neoplasms,1,['32525252']
12122,Bid,D064420,Drug-Related Side Effects and Adverse Reactions,1,['32525252']
12367,Casp3,D000014,Abnormalities Drug-Induced,1,['39461007']
12367,Casp3,D003110,Colonic Neoplasms,1,['32525252']
12367,Casp3,D005770,Gastrointestinal Neoplasms,1,['32525252']
12367,Casp3,D008545,Melanoma,1,['29494356']
12367,Casp3,D015179,Colorectal Neoplasms,1,['32525252']
12367,Casp3,D064420,Drug-Related Side Effects and Adverse Reactions,1,['32525252']
12370,Casp8,D008545,Melanoma,1,['29494356']
12370,Casp8,D009369,Neoplasms,1,['29494356']
12371,Casp9,D008545,Melanoma,1,['29494356']
1268,CNR1,D000860,Hypoxia,1,['27488203']
12978,Csf1r,D019636,Neurodegenerative Diseases,1,['34935149']
12857,Cox4i1,D006529,Hepatomegaly,1,['32259636']
12857,Cox4i1,D006984,Hypertrophy,1,['32259636']
12857,Cox4i1,D007249,Inflammation,1,['32259636']
12857,Cox4i1,D008113,Liver Neoplasms,1,['32259636']
12857,Cox4i1,D009369,Neoplasms,1,['32259636']
12857,Cox4i1,D063646,Carcinogenesis,1,['32259636']
12978,Csf1r,D001480,Basal Ganglia Diseases,1,['34935149']
12978,Csf1r,D003711,Demyelinating Diseases,1,['34935149']
12978,Csf1r,D004408,Dysgeusia,1,['34935149']
12978,Csf1r,D007249,Inflammation,1,['34935149']
12978,Csf1r,D009103,Multiple Sclerosis,1,['34935149']
12978,Csf1r,D009410,Nerve Degeneration,1,['34935149']
17709,COX2,D006529,Hepatomegaly,1,['32259636']
17709,COX2,D007249,Inflammation,1,['32259636']
3458,IFNG,D006463,Hemolytic-Uremic Syndrome,1,['34900753']
24835,Tnf,C538543,Preeclamptic toxemia,1,['34267676']
25240,Aqp1,D004403,Dysentery,1,['41800087']
25240,Aqp1,D006463,Hemolytic-Uremic Syndrome,1,['41800087']
25240,Aqp1,D007674,Kidney Diseases,1,['41800087']
25240,Aqp1,D007683,Kidney Tubular Necrosis Acute,1,['41800087']
25240,Aqp1,D011141,Polyuria,1,['31956716']
25240,Aqp1,D058186,Acute Kidney Injury,1,['41800087']
25386,Aqp2,D000138,Acidosis,1,['31811544']
26417,Mapk3,D000071072,Acute Febrile Encephalopathy,1,['36227397']
26417,Mapk3,D001927,Brain Diseases,1,['36227397']
26417,Mapk3,D002547,Cerebral Palsy,1,['35535012']
26417,Mapk3,D003072,Cognition Disorders,1,['36227397']
26417,Mapk3,D003092,Colitis,1,['36227397']
26417,Mapk3,D003866,Depressive Disorder,1,['36227397']
26417,Mapk3,D004409,Dyskinesia Drug-Induced,1,['35535012']
26417,Mapk3,D004927,Escherichia coli Infections,1,['36227397']
26417,Mapk3,D006463,Hemolytic-Uremic Syndrome,1,['36227397']
26417,Mapk3,D007249,Inflammation,1,['36227397']
26417,Mapk3,D009069,Movement Disorders,1,['35535012']
26417,Mapk3,D010300,Parkinson Disease,1,['35535012']
2706,GJB2,D003638,Deafness,1,['30466042']
2706,GJB2,D007249,Inflammation,1,['38019897']
2706,GJB2,D009369,Neoplasms,1,['38019897']
2706,GJB2,D015658,HIV Infections,1,['38019897']
2717,GLA,D000419,Albuminuria,1,['30139698']
2717,GLA,D000795,Fabry Disease,1,['30139698']
2717,GLA,D007674,Kidney Diseases,1,['30139698']
2717,GLA,D009386,Neoplastic Syndromes Hereditary,1,['30139698']
25240,Aqp1,D003967,Diarrhea,1,['41800087']
25240,Aqp1,D003922,Diabetes Mellitus Type 1,1,['31956716']
25240,Aqp1,D003920,Diabetes Mellitus,1,['31956716']
25130,Stx2,D000022,Abortion Spontaneous,1,['30360505']
24835,Tnf,D000860,Hypoxia,1,['25819809']
24835,Tnf,D005317,Fetal Growth Retardation,1,['25819809']
24835,Tnf,D006973,Hypertension,1,['34267676']
24835,Tnf,D007249,Inflammation,1,['25819809']
24932,Cd4,C567159,Spherocytosis Type 1,1,['34320266']
24932,Cd4,D006973,Hypertension,1,['34320266']
24954,Insr,D000860,Hypoxia,1,['30300837']
24954,Insr,D005320,Fetal Macrosomia,1,['30300837']
24954,Insr,D007333,Insulin Resistance,1,['30300837']
24954,Insr,D008659,Metabolic Diseases,1,['30300837']
24954,Insr,D009765,Obesity,1,['30300837']
24954,Insr,D015430,Weight Gain,1,['30300837']
25130,Stx2,D000026,Abortion Habitual,1,['30620717']
25240,Aqp1,D000230,Adenocarcinoma,1,['41800087']
25130,Stx2,D000743,Anemia Hemolytic,1,['30360505']
25130,Stx2,D003092,Colitis,1,['30360505']
25130,Stx2,D003967,Diarrhea,1,['30360505']
25130,Stx2,D004927,Escherichia coli Infections,1,['30360505']
25130,Stx2,D005767,Gastrointestinal Diseases,1,['30360505']
25130,Stx2,D007239,Infections,1,['30360505']
25130,Stx2,D007674,Kidney Diseases,1,['37979924']
25130,Stx2,D013921,Thrombocytopenia,1,['30360505']
25130,Stx2,D047928,Premature Birth,1,['30360505']
25130,Stx2,D058186,Acute Kidney Injury,1,['30360505']
25130,Stx2,D064420,Drug-Related Side Effects and Adverse Reactions,1,['30620717']
25240,Aqp1,C557674,SeSAME syndrome,1,['41800087']
27303,RBMS3,D000544,Alzheimer Disease,1,['34916412']
27303,RBMS3,D000690,Amyotrophic Lateral Sclerosis,1,['34916412']
27303,RBMS3,D006816,Huntington Disease,1,['34916412']
3439,IFNA1,D005317,Fetal Growth Retardation,1,['32482148']
32260,Fer3HCH,D001523,Mental Disorders,1,['41208638']
32260,Fer3HCH,D002658,Developmental Disabilities,1,['41208638']
32260,Fer3HCH,D007153,Immunologic Deficiency Syndromes,1,['41208638']
3354888,rl,D007859,Learning Disabilities,1,['32360730']
3354888,rl,D008569,Memory Disorders,1,['32360730']
3354888,rl,D019973,Alcohol-Related Disorders,1,['32360730']
3354888,rl,D030342,Genetic Diseases Inborn,1,['32360730']
33569,Thor,D000860,Hypoxia,1,['40603573']
3439,IFNA1,C000719624,fetal inflammatory response syndrome,1,['32482148']
3439,IFNA1,C535516,Hereditary leiomyomatosis and renal cell cancer,1,['32482148']
3439,IFNA1,D000013,Congenital Abnormalities,1,['32482148']
3439,IFNA1,D003141,Communicable Diseases,1,['32482148']
3439,IFNA1,D005517,Foodborne Diseases,1,['32482148']
32260,Fer3HCH,612348,612348,1,['41208638']
3439,IFNA1,D006463,Hemolytic-Uremic Syndrome,1,['32482148']
3439,IFNA1,D007239,Infections,1,['32482148']
3439,IFNA1,D007896,Leishmaniasis,1,['32482148']
3439,IFNA1,D007897,Leishmaniasis Mucocutaneous,1,['32482148']
3439,IFNA1,D007898,Leishmaniasis Visceral,1,['32482148']
3439,IFNA1,D008288,Malaria,1,['32482148']
3439,IFNA1,D010922,Placenta Diseases,1,['32482148']
3439,IFNA1,D016773,Leishmaniasis Cutaneous,1,['32482148']
3439,IFNA1,D016774,Leishmaniasis Diffuse Cutaneous,1,['32482148']
3458,IFNG,D002292,Carcinoma Renal Cell,1,['34900753']
3458,IFNG,D003967,Diarrhea,1,['34900753']
3458,IFNG,D004927,Escherichia coli Infections,1,['34900753']
32260,Fer3HCH,D000090463,Iron Deficiencies,1,['41208638']
100102,Pcsk9,D005770,Gastrointestinal Neoplasms,1,['32525252']
27303,RBMS3,D010300,Parkinson Disease,1,['34916412']
30682,vegfaa,603933,603933,1,['31997350']
27303,RBMS3,D019636,Neurodegenerative Diseases,1,['34916412']
27303,RBMS3,D057180,Frontotemporal Dementia,1,['34916412']
280846,LTF,D003092,Colitis,1,['29483033']
280846,LTF,D003967,Diarrhea,1,['29483033']
280846,LTF,D006463,Hemolytic-Uremic Syndrome,1,['29483033']
280846,LTF,D064420,Drug-Related Side Effects and Adverse Reactions,1,['29483033']
2921,CXCL3,D007249,Inflammation,1,['38019897']
2921,CXCL3,D009369,Neoplasms,1,['38019897']
2921,CXCL3,D015658,HIV Infections,1,['38019897']
29517,Sgk1,C567159,Spherocytosis Type 1,1,['34320266']
29517,Sgk1,D006973,Hypertension,1,['34320266']
30659,dnmt3bb.2,D014029,Tobacco Use Disorder,1,['34279203']
30682,vegfaa,D001766,Blindness,1,['31997350']
3091,HIF1A,D005317,Fetal Growth Retardation,1,['41242030']
30682,vegfaa,D002534,Hypoxia Brain,1,['31997350']
30682,vegfaa,D005911,Gliosis,1,['31997350']
30682,vegfaa,D009410,Nerve Degeneration,1,['31997350']
30682,vegfaa,D019572,Retinal Neoplasms,1,['30102439']
30682,vegfaa,D019636,Neurodegenerative Diseases,1,['31997350']
30682,vegfaa,D020263,Lead Poisoning Nervous System,1,['31997350']
30682,vegfaa,D057772,Vascular System Injuries,1,['30102439']
30682,vegfaa,D058437,Hypertensive Retinopathy,1,['31997350']
30682,vegfaa,D064420,Drug-Related Side Effects and Adverse Reactions,1,['31997350']
30725,chrna1,D001007,Anxiety,1,['31848934']
30725,chrna1,D019966,Substance-Related Disorders,1,['31848934']
3091,HIF1A,D002534,Hypoxia Brain,1,['41242030']
24835,Tnf,D000022,Abortion Spontaneous,1,['25819809']
24782,Slc9a1,D000138,Acidosis,1,['31811544']
17709,COX2,D008113,Liver Neoplasms,1,['32259636']
24768,Scnn1g,D006973,Hypertension,1,['36549423']
1958,EGR1,D001523,Mental Disorders,1,['29755331']
1958,EGR1,D008569,Memory Disorders,1,['29755331']
20259,Scin,C535672,Acute cholinergic dysautonomia,1,['34933954']
20259,Scin,D001523,Mental Disorders,1,['34933954']
20259,Scin,D005879,Tourette Syndrome,1,['34933954']
20259,Scin,D015431,Weight Loss,1,['34933954']
20259,Scin,D018980,Williams Syndrome,1,['34933954']
2054,STX2,D000022,Abortion Spontaneous,1,['30360505']
2054,STX2,D000026,Abortion Habitual,1,['30620717']
2054,STX2,D000073436,Microvascular Rarefaction,1,['29068360']
2054,STX2,D001157,Arterial Occlusive Diseases,1,['29068360']
2054,STX2,D004403,Dysentery,1,['34155339']
2054,STX2,D005767,Gastrointestinal Diseases,1,['30360505']
2054,STX2,D005776,Gaucher Disease,1,['34155339']
2054,STX2,D006030,Glycosuria Renal,1,['34437406']
2054,STX2,D007706,Menkes Kinky Hair Syndrome,1,['39442808']
2054,STX2,D009336,Necrosis,1,['25794836']
2054,STX2,D009369,Neoplasms,1,['40617562']
2054,STX2,D013927,Thrombosis,1,['29068360']
2054,STX2,D047928,Premature Birth,1,['30360505']
2054,STX2,D057049,Thrombotic Microangiopathies,1,['30513821']
2054,STX2,D064726,Triple Negative Breast Neoplasms,1,['40617562']
20544,Slc9a1,D000138,Acidosis,1,['31811544']
20604,Sst,D002547,Cerebral Palsy,1,['41817828']
20604,Sst,D004409,Dyskinesia Drug-Induced,1,['41817828']
20604,Sst,D010300,Parkinson Disease,1,['41817828']
20604,Sst,D010302,Parkinson Disease Secondary,1,['41817828']
19293,Pvalb,D030342,Genetic Diseases Inborn,1,['32205341']
19293,Pvalb,D010302,Parkinson Disease Secondary,1,['30746639']
19293,Pvalb,D010300,Parkinson Disease,1,['30746639']
18538,Pcna,D009369,Neoplasms,1,['29494356']
17709,COX2,D009369,Neoplasms,1,['32259636']
17709,COX2,D063646,Carcinogenesis,1,['32259636']
1791,DNTT,C538543,Preeclamptic toxemia,1,['34925067']
1791,DNTT,D011225,Pre-Eclampsia,1,['34925067']
1791,DNTT,D014652,Vascular Diseases,1,['34925067']
18125,Nos1,610251,610251,1,['26192095']
18125,Nos1,D006011,Glycogen Storage Disease Type IV,1,['26192095']
18125,Nos1,D028361,Mitochondrial Diseases,1,['26192095']
18429,Oxt,C535672,Acute cholinergic dysautonomia,1,['35752429']
18429,Oxt,D001007,Anxiety,1,['35752429']
18429,Oxt,D008569,Memory Disorders,1,['35752429']
18538,Pcna,D008545,Melanoma,1,['29494356']
18783,Pla2g4a,D006529,Hepatomegaly,1,['32259636']
19293,Pvalb,D004409,Dyskinesia Drug-Induced,1,['30746639']
18783,Pla2g4a,D006984,Hypertrophy,1,['32259636']
18783,Pla2g4a,D007249,Inflammation,1,['32259636']
18783,Pla2g4a,D008113,Liver Neoplasms,1,['32259636']
18783,Pla2g4a,D009369,Neoplasms,1,['32259636']
18783,Pla2g4a,D063646,Carcinogenesis,1,['32259636']
18976,Pomc,D003920,Diabetes Mellitus,1,['30283405']
18976,Pomc,D007333,Insulin Resistance,1,['30283405']
18976,Pomc,D018149,Glucose Intolerance,1,['30283405']
192302,hdac1,D019966,Substance-Related Disorders,1,['38289455']
19293,Pvalb,D001523,Mental Disorders,1,['32205341']
19293,Pvalb,D002547,Cerebral Palsy,1,['30746639']
19293,Pvalb,D002658,Developmental Disabilities,1,['32205341']
20604,Sst,D012559,Schizophrenia,1,['29394409']
20682,Sox9,D003920,Diabetes Mellitus,1,['34804128']
20682,Sox9,D008659,Metabolic Diseases,1,['34804128']
23435,TARDBP,D009369,Neoplasms,1,['40617562']
230908,Tardbp,D016472,Motor Neuron Disease,1,['25392493']
230908,Tardbp,D019958,Attention Deficit and Disruptive Behavior Disorders,1,['42134656']
230908,Tardbp,D028361,Mitochondrial Diseases,1,['42134656']
230908,Tardbp,D060825,Cognitive Dysfunction,1,['31068973']
2321,FLT1,D011225,Pre-Eclampsia,1,['36878143']
23237,ARC,D001523,Mental Disorders,1,['29755331']
23237,ARC,D008569,Memory Disorders,1,['29755331']
23435,TARDBP,D000014,Abnormalities Drug-Induced,1,['28066234']
23435,TARDBP,D000544,Alzheimer Disease,1,['34916412']
23435,TARDBP,D003072,Cognition Disorders,1,['28066234']
23435,TARDBP,D006816,Huntington Disease,1,['34916412']
23435,TARDBP,D009128,Muscle Spasticity,1,['28066234']
23435,TARDBP,D010300,Parkinson Disease,1,['34916412']
230908,Tardbp,D001259,Ataxia,1,['25392493']
23435,TARDBP,D057165,Proteostasis Deficiencies,1,['28066234']
23435,TARDBP,D064726,Triple Negative Breast Neoplasms,1,['40617562']
2353,FOS,D001523,Mental Disorders,1,['29755331']
2353,FOS,D008569,Memory Disorders,1,['29755331']
23621,BACE1,D003638,Deafness,1,['30466042']
23673,STX12,D006463,Hemolytic-Uremic Syndrome,1,['34822608']
23673,STX12,D009336,Necrosis,1,['34822608']
23673,STX12,D058186,Acute Kidney Injury,1,['34822608']
23673,STX12,D064420,Drug-Related Side Effects and Adverse Reactions,1,['34822608']
24523,Klk1,D006973,Hypertension,1,['36549423']
24699,Ptprc,C567159,Spherocytosis Type 1,1,['34320266']
24699,Ptprc,D006973,Hypertension,1,['34320266']
230908,Tardbp,D008569,Memory Disorders,1,['25392493']
230908,Tardbp,D000090862,Neuroinflammatory Diseases,1,['42404802']
20682,Sox9,D012164,Retinal Diseases,1,['34804128']
21926,Tnf,D009369,Neoplasms,1,['32525252']
212541,Rho,D002547,Cerebral Palsy,1,['30895594']
212541,Rho,D004409,Dyskinesia Drug-Induced,1,['30895594']
212541,Rho,D009410,Nerve Degeneration,1,['30895594']
212541,Rho,D010300,Parkinson Disease,1,['30895594']
2166,FAAH,D000860,Hypoxia,1,['27488203']
21926,Tnf,D000090862,Neuroinflammatory Diseases,1,['35835234']
21926,Tnf,D001927,Brain Diseases,1,['35835234']
21926,Tnf,D003110,Colonic Neoplasms,1,['32525252']
21926,Tnf,D005770,Gastrointestinal Neoplasms,1,['32525252']
21926,Tnf,D006463,Hemolytic-Uremic Syndrome,1,['35835234']
21926,Tnf,D007239,Infections,1,['35835234']
21926,Tnf,D007249,Inflammation,1,['35835234']
21926,Tnf,D009461,Neurologic Manifestations,1,['35835234']
22353,Vip,D016388,Tooth Loss,1,['30204500']
21926,Tnf,D015179,Colorectal Neoplasms,1,['32525252']
21926,Tnf,D019958,Attention Deficit and Disruptive Behavior Disorders,1,['35835234']
21926,Tnf,D064420,Drug-Related Side Effects and Adverse Reactions,1,['32525252']
22035,Tnfsf10,D008545,Melanoma,1,['29494356']
22035,Tnfsf10,D009369,Neoplasms,1,['29494356']
22348,Slc32a1,D002547,Cerebral Palsy,1,['30746639']
22348,Slc32a1,D004409,Dyskinesia Drug-Induced,1,['30746639']
22348,Slc32a1,D010300,Parkinson Disease,1,['30746639']
22348,Slc32a1,D010302,Parkinson Disease Secondary,1,['30746639']
22353,Vip,D005317,Fetal Growth Retardation,1,['30204500']
22353,Vip,D011225,Pre-Eclampsia,1,['30204500']
22353,Vip,D011248,Pregnancy Complications,1,['30204500']
969,CD69,D058186,Acute Kidney Injury,1,['34900753']
