Author,N_Publications
Damiano A,45
Ibarra C,32
Amaral M,27
Murer M,27
Zotta E,25
Sacerdoti F,22
Capurro C,21
Martinez N,21
Belforte J,16
Igaz L,16
Della-Maggiore V,15
Farina M,13
Faillace M,13
Di Giusto G,13
Reppetti J,13
Silberstein C,12
Rela L,12
Ford P,12
Bernabeu R,12
Giachini F,11
Goldstein J,10
Alvarez R,9
Escudero C,9
Paz R,9
Weisstaub N,9
Blake M,9
Tubert C,9
Pinto A,9
Palermo M,9
Forrester M,8
Rengel T,8
Boccia M,8
Ibarra F,8
Canzonieri R,8
Rivarola V,8
Muryan A,8
Belluscio M,8
Galaviz-Hernandez C,8
Schiel A,8
Trimarchi H,8
Morici J,8
Pomeranz V,8
Netti V,8
Gomez F,7
Iriarte R,7
Moratalla R,7
Zold C,7
Lombi F,7
Politi M,7
Medina Y,7
Paulero M,7
Krawczyk M,7
Vassallu F,7
Pisera-Fuster A,7
Garimano N,6
Azurmendi P,6
Taravini I,6
Sosa-Macias M,6
Oddo E,6
Stern A,6
Fernandez J,6
Di Ciano L,6
Cataldi A,6
Szpilbarg N,6
Sanchez D,6
Pagani M,6
Bekinschtein P,6
Pizzoni A,6
Casal J,6
Vlachovsky S,6
Stahl A,5
Paton A,5
Beltramone N,5
Costales-Collaguazo C,5
Toriano R,5
Paton J,5
Etcheverry T,5
Lima V,5
Cangelosi A,5
Solano A,5
Geoghegan P,5
Lerner G,5
Gallo F,5
Miranda M,5
Jacobacci F,5
Andrews J,5
Araoz A,5
Politei J,5
Fischer Sigel L,5
Ochoa F,5
Merlo E,4
Garcia-Robles R,4
Deleglise A,4
Braz B,4
Medina J,4
Seyahian E,4
Medrano M,4
Piazza R,4
Perez-Chada D,4
Kasanetz F,4
Cutrera R,4
Scalise M,4
Pafundo D,4
Sierra M,4
Griffa G,4
Gomez G,4
Yeffal A,4
Castro-Parodi M,4
Castro Parodi M,4
Luz D,4
Corominas A,4
Silva A,4
Keifman E,4
Martinez M,4
Millan J,4
Vilte D,4
Franchi A,4
Repetto H,4
Ayala-Ramirez P,4
Casale R,3
Bumaschny V,3
Bustamante J,3
Pasquini J,3
San Martin A,3
Leguizamon G,3
Jancic C,3
Pretell Annan C,3
Katz M,3
Celi A,3
Jovicich J,3
Seyahian A,3
Bortman G,3
Bentancor L,3
Di Paola M,3
Gornalusse G,3
Amaro E,3
Albanese A,3
Vallejo G,3
Barragan-Zuniga L,3
Gonzalez M,3
Balestracci A,3
Fernandez N,3
Fernandez-Brando R,3
Galinanes G,3
Ferreira R,3
Reynoso M,3
Ferreyra R,3
Armony J,3
Marques da Silva W,3
Villalta J,3
Viola H,3
Mercado E,3
Piriz J,3
Riquelme L,3
Piazza A,3
Bernal A,3
Aban C,3
Gaudric J,3
Rocco L,3
Acosta L,3
Bello E,3
Dorr R,3
Piantanida A,3
Echevarria M,3
Doyon J,3
Liern M,3
Berdasco C,3
Chinen I,2
Rayes D,2
Gershanik O,2
Colazo A,2
Gingrich J,2
Ramos-Hryb A,2
Cocca M,2
Schwarzbaum P,2
Ramos M,2
Goette N,2
RIVA-TREM,2
Gerhardt E,2
Quintilio W,2
Ozu M,2
Girard M,2
Gelb B,2
Fullana J,2
Correale J,2
Coletti M,2
Coll C,2
Henrique C,2
Romano A,2
Donnelly-Kehoe P,2
Rubinstein M,2
Escande M,2
Chen G,2
Greer C,2
De Marzi M,2
Granado N,2
Huang S,2
Da Rocha M,2
Sanchez-Nino M,2
Gonzalez-Hoyos I,2
Cutrera N,2
Feld M,2
Fernandez Brando R,2
Gonzalez L,2
Henrique I,2
Gonzalez G,2
Palombo M,2
Fiorentino G,2
Karadayian A,2
Roguin L,2
Ortiz A,2
Lombardi P,2
Balconi S,2
Ballarini F,2
Bazzi Z,2
Beccaria J,2
Lores-Arnaiz S,2
Lopez M,2
Urbano F,2
Bentancor A,2
Moro A,2
Blanco-Castaneda R,2
Nevian T,2
Toro A,2
Borbely A,2
Teran E,2
Brocardo L,2
Lee H,2
Bruballa A,2
Bueno J,2
Larzabal M,2
Navarro N,2
Malchiodi E,2
Avale M,2
Marcora M,2
Arrizurieta E,2
Accialini P,2
Mejias M,2
Melani M,2
Aguilar L,2
Young P,2
Alberquilla S,2
Albert S,2
Martorelli L,2
Alfieri J,2
Wappner P,2
Alleva K,2
Alsina R,2
Alvarez A,2
Alvarez C,2
Amigo N,2
Villar M,2
Arenas-Mosquera D,2
Marquez L,2
Marin R,2
Sutka M,2
Trotta M,2
Ghigo A,2
Lagree P,2
Solis O,2
Abad C,2
Canessa Fortuna A,2
Souto P,2
Singh S,2
Lacour A,2
Silva P,2
Katche C,2
Carbone S,2
Cerny N,2
Sidhu S,2
Chara O,2
Caffaro P,2
Charif S,2
Nieva G,2
Cadavid A,2
Shadmehr R,2
Miquet J,1
Ortiz M,1
Merino-Serrais P,1
Palligas M,1
Oliva G,1
Merlo S,1
Meier S,1
Pitossi F,1
Miret N,1
Olguin-Albuerne M,1
Medina Villalon S,1
Palacios D,1
Micucci G,1
Merech F,1
Pittaluga J,1
Pizzo F,1
Miliwebsky E,1
Olazabal D,1
Milush J,1
Melamud L,1
Melendi S,1
Oliveira M,1
Oliveira de Souza J,1
Pradhan J,1
Ostuni M,1
Otero S,1
Possin K,1
Opazo M,1
Porta M,1
Porporatto C,1
Melo B,1
Ponzo O,1
Mendez P,1
Mendieta L,1
Padola N,1
Menge C,1
Paez N,1
Oltra G,1
Presta A,1
Mennickent D,1
Podlesniy P,1
Mellado M,1
Miriuka S,1
Pascariello G,1
Nunez-Goluboay K,1
Pertusa M,1
Perez-Pandolfo S,1
Perez-Dominguez M,1
Muia N,1
Pereyra A,1
Perello M,1
Muniesa M,1
Mussini N,1
Naik A,1
Pena S,1
Nakao K,1
Pancani T,1
Pedreira M,1
Nakazawa K,1
Namboodiri V,1
Noain D,1
Paz L,1
Nasimbera A,1
Natalia S,1
Paola M,1
Paparini D,1
Paraiso-Luna J,1
Pasquini L,1
Pasantes-Morales H,1
Perez-Perri J,1
Nogueira-Campos A,1
Mitchell C,1
Peters T,1
Modchalingam S,1
Pascuale C,1
Molina Ponce T,1
Molineris M,1
Moller A,1
Moncada D,1
Montenegro M,1
Pisera Fuster A,1
Montiel J,1
Pan T,1
Nunez M,1
Pino N,1
Pilcher C,1
Morales C,1
Moretton M,1
Norris A,1
Piehl L,1
Pickholz M,1
Piazza V,1
Nora M,1
Mosqueira A,1
Ortiz J,1
Mostoslavsky G,1
Moguilevsky J,1
't Hart B,1
Princich J,1
Simental-Mendia L,1
Theotokis P,1
Tizabi Y,1
Tkatch T,1
Toiber D,1
Toledo J,1
Tolin A,1
Tomaiuolo M,1
Tomas E,1
Tomsic D,1
Torres A,1
Trelles J,1
Trigubo D,1
Triguy J,1
Trujillo M,1
Trullas R,1
Tseng K,1
Uchitel O,1
Uehara J,1
Ugarte M,1
Urrutia L,1
Vaccarello M,1
Thanh C,1
Tello Santacruz I,1
Tavella M,1
Souza G,1
Sobrevia L,1
Sodero S,1
Solerno M,1
Solimine F,1
Solomons D,1
Sommario N,1
Sorianello E,1
Sotelo A,1
Soto G,1
Spaans F,1
Targovnik H,1
Spagnuolo D,1
Sterba J,1
Stojanova J,1
Stone M,1
Suarez L,1
Surmeier D,1
Szasz T,1
Talevi A,1
Tanabe E,1
Vainstein E,1
Valdivia S,1
Valencia M,1
Wu H,1
Villalba C,1
Vitali V,1
Vo P,1
Vota D,1
Walker A,1
Waschek J,1
West P,1
White A,1
Wies Mancini V,1
Zampese E,1
Vila Petroff M,1
Zanoni B,1
Zanoni Saad M,1
Zappa J,1
Zeida A,1
Zerbetto De Palma G,1
Zolezzi G,1
Zwiller J,1
de Freitas R,1
de Olmos S,1
Vilela Rodrigues T,1
Vila A,1
Valenzuela-Torres P,1
Velazquez N,1
Valino-Rivas L,1
Vallejo-Azar M,1
Valli F,1
Valquinta S,1
Valverde E,1
Vampa V,1
Varela-Nallar L,1
Vargas C,1
Vassallu M,1
Vence M,1
Vigouroux R,1
Venera G,1
Ventre J,1
Ventura A,1
Venturato J,1
Verano-Braga T,1
Veron Do Santos J,1
Vertiz-Hernandez A,1
Viana M,1
Vigo D,1
Singh P,1
Silva Pinto P,1
Prost M,1
Silberman D,1
Rivas M,1
Rivera F,1
Rivero-Echeto M,1
Rivolta C,1
Roberts J,1
Robinson K,1
Robles R,1
Rocha L,1
Rodrigues E,1
Rodrigues-Rodriguez N,1
Rodriguez A,1
Rodriguez Curt J,1
Rodriguez F,1
Rodriguez R,1
Rodriguez V,1
Rodriguez-Gomez F,1
Rodriguez-Labrada R,1
Rodriguez-Martin P,1
Roehri N,1
Roggiero G,1
Mechali A,1
Rios Leiva C,1
Rinaldi D,1
Riedel C,1
Ramos-Aloi A,1
Proulx C,1
Quinta H,1
Quintero-Arciniegas L,1
Radiske A,1
Ramhorst R,1
Ramirez M,1
Ramirez-Lorca R,1
Ramos A,1
Ramos Aloi A,1
Ramos-Mandujano G,1
Riboldi J,1
Randi A,1
Reca A,1
Reig R,1
Renfijes M,1
Repetto M,1
Reynaldo M,1
Reynoso R,1
Ribeiro I,1
Ribeiro M,1
Roig-Puiggros S,1
Rojas-Lopez M,1
Romussi S,1
Schinder A,1
Sanz-Magro A,1
Saraco N,1
Sardella A,1
Sarrible G,1
Sartor M,1
Saunier G,1
Schachter J,1
Schellino R,1
Schiavone M,1
Schonfeld D,1
Santander O,1
Scochera F,1
Scotter E,1
Selles M,1
Seoane P,1
Sevigny J,1
Shiromizu C,1
Sicurello M,1
Siegel D,1
Sifuentes-Garcia J,1
Sanz M,1
Sanjuan N,1
Rosato M,1
Saksida L,1
Rosso D,1
Rosso O,1
Roychoudhury P,1
Rubin De Celis E,1
Ruiz-DeDiego I,1
Sabbagh M,1
Saborido M,1
Sachella T,1
Saez M,1
Salas-Prieto C,1
Sanhueza Salas L,1
Salles A,1
Salvanal L,1
Samaniego Y,1
San Gil R,1
Sanchez Armijos K,1
Sanchez G,1
Sanchez-Pena R,1
Sanchez-Vincitore L,1
Sanchis P,1
Medina C,1
Kruger A,1
Mccallum G,1
Carreira M,1
Casabona J,1
Casalia M,1
Casas-Cordero R,1
Casey E,1
Castillo Montanez L,1
Castro E,1
Cattaneo V,1
Cavaliere Candedo V,1
Cazalas M,1
Cebral E,1
Celia A,1
Cervetto V,1
Chang M,1
Chatel J,1
Chavez A,1
Chedotal A,1
Chertoff M,1
Chevriau J,1
Chiappetta D,1
Chiarante N,1
Chiou B,1
Carron R,1
Carre E,1
Bussey T,1
Carrasquillo Y,1
Cacciagiu L,1
Caceres Monie C,1
Calabro V,1
Calderon-Dominguez M,1
Calle-Castillejo C,1
Calo G,1
Caltana L,1
Camera A,1
Cammarota M,1
Canales-Johnson A,1
Canepa E,1
Canteras N,1
Cantet R,1
Cao M,1
Capobianco E,1
Carbajosa N,1
Carbonari C,1
Cardenas F,1
Cardona P,1
Carou C,1
Carrasco-Wong I,1
Christensen M,1
Chye Y,1
Ciccia L,1
Cicconi N,1
De Carli M,1
De Luna P,1
De Oliveira L,1
De Pino G,1
Deaner N,1
Deeks S,1
Del Cogliano M,1
Dela Justina V,1
Delpiccolo C,1
Depino A,1
Dezzutti L,1
Di Benedetto S,1
Di Pietro A,1
Diaz A,1
Diaz N,1
Diaz Vergara L,1
Dietrich V,1
Dos Passos Junior R,1
Dos Santos-Rodrigues A,1
Duenas Z,1
Duhalde Vega M,1
De Carli D,1
Davimes J,1
Daven M,1
Cordoba M,1
Cicuttin G,1
Ciocchini A,1
Ciotti A,1
Clapes S,1
Coll L,1
Collavini S,1
Collazo A,1
Colombet B,1
Consalvo D,1
Cornier P,1
Dare S,1
Corradi G,1
Correa F,1
Cosentino M,1
Cremaschi G,1
Cymeryng C,1
Czerniczyniec A,1
Daghero H,1
Damianich A,1
Daniels A,1
Cabral P,1
Busch M,1
McIntosh A,1
Alzheimer's Association Innovation Roundtable,1
Amodeo G,1
Anderson M,1
Appel-Rubio J,1
Araujo G,1
Araya J,1
Arenas D,1
Arias L,1
Arias S,1
Arini P,1
Armando I,1
Armentano R,1
Arredondo S,1
Arzi A,1
Asis S,1
Asorey L,1
Asturizaga P,1
Avaca H,1
Azevedo V,1
Azpiazu M,1
Bach C,1
Bademosi A,1
Amarillo Y,1
Alves de Freitas R,1
Burgos C,1
Alipio P,1
Abrey Recalde M,1
Acevedo J,1
Ackerman J,1
Acuna M,1
Acurio J,1
Affranchino N,1
Agostino P,1
Aguayo C,1
Agudelo O,1
Aguiar A,1
Aisemberg J,1
Albamonte I,1
Albano J,1
Alberto F,1
Alcala M,1
Alconcher L,1
Alejandra R,1
Alexander A,1
Alford S,1
Alicia D,1
Alicia E D,1
Badin E,1
Baleani S,1
Ballester C,1
Ballestero J,1
Blank V,1
Blaustein M,1
Blizzard C,1
Bocai N,1
Boccaccio G,1
Bochicchio P,1
Bodin D,1
Boggian D,1
Bollati-Fogolin M,1
Bom A,1
Bomfim G,1
Bongiovanni V,1
Bordey A,1
Borrat A,1
Breithaupt A,1
Briones G,1
Brown-Wright H,1
Brughera A,1
Bruno-Blanch L,1
Bueno-Sanchez J,1
Burdet J,1
Blanco M,1
Bisagno V,1
Birnberg-Weiss F,1
Beckman D,1
Barba V,1
Barbehenn A,1
Barril C,1
Barth S,1
Bartke A,1
Bartolomei F,1
Basika T,1
Battista A,1
Bazzano M,1
Bejarano A,1
Biani C,1
Bejarano C,1
Bekinschtein T,1
Belardo M,1
Bellizzi Y,1
Benar C,1
Berardino B,1
Berni J,1
Beron de Astrada M,1
Bertone-Cueto N,1
Dujovne N,1
Dwivedi A,1
EMSKC Group,1
Kauffman M,1
Kent B,1
Khelifa I,1
Kiffer F,1
Kim A,1
Kochen S,1
Kovacevic N,1
Krakauer J,1
Kramar C,1
La Greca A,1
Lagarde S,1
Lago N,1
Lanciego J,1
Landoni V,1
Landriel M,1
Larocca M,1
Larramendy C,1
Lazalde-Ramos B,1
Lazzati J,1
Lee S,1
Leiros C,1
Lempel A,1
Keitelman I,1
Karl A,1
Ekanem P,1
Karikari T,1
Hoh R,1
Hoque A,1
Hortas M,1
Hryciw D,1
Hu N,1
Huang M,1
Hussain Shuler M,1
Ihidoype M,1
Ilarraz C,1
Iotti A,1
Iribarne J,1
Isse L,1
Izurieta M,1
Jang J,1
Jeevakumar V,1
Jercog P,1
Jerome K,1
Jiang S,1
Jorge G,1
Jozefkowicz C,1
Kalstein M,1
Leonino P,1
Lespinard A,1
Levi L,1
Levy C,1
Marder M,1
Mariana F,1
Marini M,1
Marino J,1
Marti J,1
Martin A,1
Martin J,1
Martin S,1
Martinez-Aguilar G,1
Martire-Greco D,1
Martos Y,1
Maskin B,1
Mata E,1
Mate S,1
Matzkin M,1
Mayo F,1
Mayo M,1
Mazengenya P,1
Mazzocchi M,1
Mc Cabe S,1
McAlpine D,1
Marchat L,1
Manso P,1
Manning S,1
Loureiro F,1
Levy J,1
Lew S,1
Lino-de-Oliveira C,1
Lombardi A,1
Lombardo T,1
Lombi M,1
Lopes da Cunha P,1
Lopez Ambrosioni F,1
Lopez Gonzalez M,1
Luan W,1
Malleret G,1
Luchelli L,1
Luczywo A,1
Lunghi G,1
Luzzani C,1
Macias-Salas A,1
Madrid San Martin L,1
Magliola R,1
Makarova J,1
Maldonado R,1
Hobbs K,1
Hladik F,1
Hiraldo-Gonzalez L,1
Garcia-Rojas F,1
Ferrary Americo M,1
Ferreiros A,1
Flores-Barrera E,1
Fonseca S,1
Fresno C,1
Freudenthal R,1
Freund T,1
Frungieri M,1
Fuenzalida M,1
Fujita Y,1
Fulginiti N,1
Furmento V,1
Galli L,1
Gallino L,1
Gallo J,1
Galo A,1
Garbaccio S,1
Garcia C,1
Garcia H,1
Garcia Vior M,1
Garcia-Miranda P,1
Ferraro M,1
Ferrario J,1
Ferran J,1
Evelson P,1
Elia E,1
Enriquez-Mendiola D,1
Eriz-Salinas A,1
Escudero P,1
Eskow Jaunarajs K,1
Espindola S,1
Estay S,1
Etchenique R,1
Evangelisti F,1
Exeni R,1
Fernandez G,1
Fabi M,1
Fabian L,1
Facelli J,1
Fainboin A,1
Falkowska M,1
Fanelli M,1
Fang Y,1
Farias M,1
Fernandez E,1
Garcia-Rill E,1
Garcia-Sanz P,1
Herreras O,1
Garcia-Venzor A,1
Grafton S,1
Grassi S,1
Grippo A,1
Gualdoni G,1
Gueugneau N,1
Guevara D,1
Guido R,1
Gustincich S,1
Guth B,1
Guzman-Gutierrez E,1
Haith A,1
Harutyunyan A,1
Hashimoto K,1
Hattab C,1
Hauk V,1
Hecht F,1
Henrich T,1
Henriques D,1
Henry C,1
Herlax V,1
Hermes R,1
Gonzalez-Vinceiro L,1
Gonzalez-Ortiz M,1
Gonzalez-Lebrero R,1
Gironacci M,1
Garcia-Verdugo M,1
Garcia-Violini D,1
Garvin J,1
Garzon V,1
German G,1
Ghiringhelli P,1
Gibson E,1
Giron D,1
Giron Reyes D,1
Gobetto N,1
Gonzalez Moron D,1
Goitia B,1
Goldaracena P,1
Goldman R,1
Goldsman A,1
Gomes Pio M,1
Gomez Acosta M,1
Gonzalez B,1
Gonzalez D,1
Gonzalez J,1
on behalf RIVATREM,1
