Year,Author,N_Publications
2014,Alfieri J,1
2014,Amaral M,1
2014,Cammarota M,1
2014,Franchi A,1
2014,Gonzalez M,1
2014,Ibarra C,2
2014,Igaz L,1
2014,Katche C,1
2014,Kramar C,1
2014,Marquez L,1
2014,Medina J,1
2014,Pagani M,1
2014,Paton A,1
2014,Paton J,1
2014,Pino N,1
2014,Repetto H,1
2014,Sacerdoti F,1
2014,San Martin A,1
2014,Silberstein C,1
2014,Tomaiuolo M,1
2014,Velazquez N,1
2014,Weisstaub N,1
2014,Zotta E,1
2015,Aisemberg J,1
2015,Albanese A,1
2015,Amaral M,2
2015,Amigo N,2
2015,Andrews J,1
2015,Araoz A,1
2015,Bekinschtein P,1
2015,Belforte J,1
2015,Bentancor A,1
2015,Bernabeu R,1
2015,Bordey A,1
2015,Braz B,1
2015,Bustamante J,1
2015,Cabral P,1
2015,Canzonieri R,1
2015,Capurro C,1
2015,Cataldi A,2
2015,Ciccia L,1
2015,Cutrera R,1
2015,Cymeryng C,1
2015,Czerniczyniec A,1
2015,Damiano A,1
2015,Della-Maggiore V,1
2015,Dietrich V,1
2015,Faillace M,1
2015,Forrester M,1
2015,Franchi A,1
2015,Galinanes G,1
2015,Garcia H,1
2015,Garvin J,1
2015,Gerhardt E,2
2015,Gingrich J,1
2015,Girard M,1
2015,Gonzalez M,1
2015,Grafton S,1
2015,Greer C,1
2015,Gueugneau N,1
2015,Ibarra C,4
2015,Igaz L,1
2015,Karadayian A,1
2015,Karl A,1
2015,Larzabal M,1
2015,Lombardi P,1
2015,Lombi F,1
2015,Lores-Arnaiz S,1
2015,Malleret G,1
2015,Manning S,1
2015,Mc Cabe S,1
2015,Medina J,1
2015,Mercado E,1
2015,Morici J,1
2015,Murer M,1
2015,Muryan A,1
2015,Piantanida A,1
2015,Pomeranz V,1
2015,Rela L,1
2015,Rengel T,1
2015,Repetto H,1
2015,Rivera F,1
2015,Sacerdoti F,2
2015,Schiel A,1
2015,Singh P,1
2015,Taravini I,1
2015,Trimarchi H,1
2015,Villalta J,1
2015,Villar M,1
2015,Vilte D,1
2015,Viola H,1
2015,Weisstaub N,1
2015,Zotta E,3
2015,Zwiller J,1
2016,Aban C,2
2016,Albamonte I,1
2016,Alfieri J,1
2016,Alvarez R,1
2016,Amaral M,1
2016,Amodeo G,1
2016,Andrews J,4
2016,Araoz A,4
2016,Avale M,1
2016,Belforte J,1
2016,Bisagno V,1
2016,Blake M,1
2016,Boccia M,1
2016,Bruballa A,1
2016,Canzonieri R,4
2016,Carou C,1
2016,Castro-Parodi M,2
2016,Chara O,1
2016,Costales-Collaguazo C,1
2016,Damiano A,4
2016,De Oliveira L,1
2016,Della-Maggiore V,1
2016,Escande M,1
2016,Farina M,3
2016,Feld M,1
2016,Fernandez E,1
2016,Fernandez J,1
2016,Flores-Barrera E,1
2016,Forrester M,4
2016,Franchi A,1
2016,Fresno C,1
2016,Fullana J,1
2016,Garcia-Rill E,1
2016,Gaudric J,1
2016,Gershanik O,1
2016,Ghigo A,1
2016,Gingrich J,1
2016,Goitia B,1
2016,Gomez G,1
2016,Gonzalez G,1
2016,Herlax V,1
2016,Ibarra C,1
2016,Ibarra F,1
2016,Igaz L,1
2016,Iriarte R,4
2016,Khelifa I,1
2016,Krawczyk M,1
2016,Lagree P,1
2016,Larramendy C,1
2016,Leguizamon G,2
2016,Levi L,1
2016,Lombi F,3
2016,Lombi M,1
2016,Marquez L,1
2016,Martinez N,4
2016,Maskin B,1
2016,Mate S,1
2016,Mejias M,1
2016,Murer M,3
2016,Muryan A,4
2016,Navarro N,1
2016,Nogueira-Campos A,1
2016,Ortiz A,1
2016,Ozu M,1
2016,Palermo M,1
2016,Paulero M,4
2016,Piehl L,1
2016,Politei J,3
2016,Politi M,1
2016,Pomeranz V,4
2016,Prost M,1
2016,Rela L,1
2016,Rengel T,4
2016,Repetto H,1
2016,Repetto M,1
2016,Reppetti J,1
2016,Rivero-Echeto M,1
2016,Rodrigues E,1
2016,Romano A,1
2016,Rubin De Celis E,1
2016,Saborido M,1
2016,Sacerdoti F,1
2016,Sanchez G,1
2016,Sanchez-Nino M,1
2016,Saunier G,1
2016,Schiel A,4
2016,Seyahian A,1
2016,Silberstein C,1
2016,Silva P,1
2016,Spaans F,1
2016,Stern A,3
2016,Sutka M,1
2016,Szpilbarg N,1
2016,Taravini I,3
2016,Toro A,1
2016,Trigubo D,1
2016,Trimarchi H,4
2016,Tseng K,1
2016,Tubert C,1
2016,Urbano F,1
2016,Vargas C,1
2016,Vitali V,1
2016,Weisstaub N,1
2016,Young P,2
2016,Zold C,1
2016,Zotta E,4
2017,Abrey Recalde M,1
2017,Albanese A,1
2017,Alberto F,1
2017,Alcala M,1
2017,Alconcher L,1
2017,Alleva K,1
2017,Alvarez R,2
2017,Amaral M,3
2017,Asturizaga P,1
2017,Ballarini F,1
2017,Battista A,1
2017,Beccaria J,1
2017,Bejarano A,1
2017,Bejarano C,1
2017,Bekinschtein P,1
2017,Belforte J,2
2017,Bello E,1
2017,Belluscio M,1
2017,Bentancor A,1
2017,Bentancor L,1
2017,Bernabeu R,3
2017,Blake M,2
2017,Boccia M,2
2017,Braz B,2
2017,Briones G,1
2017,Bruballa A,1
2017,Bruno-Blanch L,1
2017,Bueno J,1
2017,Bussey T,1
2017,Cadavid A,1
2017,Calderon-Dominguez M,1
2017,Canessa Fortuna A,1
2017,Cangelosi A,1
2017,Cantet R,1
2017,Canzonieri R,2
2017,Capurro C,2
2017,Casas-Cordero R,1
2017,Casey E,1
2017,Castro Parodi M,1
2017,Cataldi A,1
2017,Chinen I,1
2017,Christensen M,1
2017,Ciocchini A,1
2017,Clapes S,1
2017,Coll L,1
2017,Costales-Collaguazo C,2
2017,Da Rocha M,1
2017,Damiano A,4
2017,Della-Maggiore V,1
2017,Di Giusto G,2
2017,Escudero C,1
2017,Exeni R,1
2017,Faillace M,2
2017,Fernandez Brando R,1
2017,Fernandez J,1
2017,Fernandez-Brando R,1
2017,Ford P,2
2017,Forrester M,2
2017,Freudenthal R,1
2017,Galaviz-Hernandez C,1
2017,Galinanes G,2
2017,Gallo F,1
2017,Gelb B,1
2017,Geoghegan P,1
2017,Giachini F,1
2017,Girard M,1
2017,Goldman R,1
2017,Goldstein J,1
2017,Gonzalez-Hoyos I,1
2017,Hermes R,1
2017,Hussain Shuler M,1
2017,Ibarra C,5
2017,Iotti A,1
2017,Iriarte R,2
2017,Jozefkowicz C,1
2017,Kalstein M,1
2017,Kent B,1
2017,Kovacevic N,1
2017,Krawczyk M,2
2017,Lago N,1
2017,Landriel M,1
2017,Lempel A,1
2017,Levy J,1
2017,Lima V,1
2017,Lombi F,2
2017,Lopes da Cunha P,1
2017,Martinez M,1
2017,Martinez N,2
2017,Martorelli L,1
2017,Martos Y,1
2017,McIntosh A,1
2017,Medrano M,2
2017,Mejias M,1
2017,Melendi S,1
2017,Mercado E,1
2017,Miranda M,1
2017,Morici J,1
2017,Murer M,3
2017,Muryan A,2
2017,Namboodiri V,1
2017,Navarro N,1
2017,Netti V,1
2017,Noain D,1
2017,Ochoa F,1
2017,Oltra G,1
2017,Ortiz A,1
2017,Otero S,1
2017,Ozu M,1
2017,Pagani M,1
2017,Palermo M,2
2017,Paton A,2
2017,Paton J,2
2017,Paulero M,2
2017,Pinto A,1
2017,Piriz J,1
2017,Pisera-Fuster A,2
2017,Pizzoni A,1
2017,Politei J,1
2017,Pomeranz V,2
2017,RIVA-TREM,1
2017,Ramos M,2
2017,Rela L,1
2017,Rengel T,2
2017,Repetto H,1
2017,Rivarola V,2
2017,Rivas M,1
2017,Roberts J,1
2017,Rodriguez V,1
2017,Romano A,1
2017,Rubinstein M,1
2017,Sacerdoti F,1
2017,Saksida L,1
2017,Salles A,1
2017,San Martin A,1
2017,Sanchez-Nino M,1
2017,Schiel A,2
2017,Schinder A,1
2017,Seyahian E,1
2017,Sosa-Macias M,1
2017,Stern A,2
2017,Sutka M,1
2017,Szpilbarg N,1
2017,Talevi A,1
2017,Teran E,1
2017,Trelles J,1
2017,Trimarchi H,2
2017,Uchitel O,1
2017,Ugarte M,1
2017,Valino-Rivas L,1
2017,Venera G,1
2017,Viana M,1
2017,Villalta J,1
2017,Villar M,1
2017,Vilte D,1
2017,Viola H,1
2017,Weisstaub N,1
2017,Zold C,1
2017,Zolezzi G,1
2017,Zotta E,3
2018,Aban C,1
2018,Accialini P,1
2018,Albanese A,1
2018,Albano J,1
2018,Alejandra R,1
2018,Alicia E D,1
2018,Alsina R,1
2018,Alvarez R,1
2018,Amaral M,4
2018,Asorey L,1
2018,Avale M,1
2018,Balconi S,1
2018,Barth S,1
2018,Bartolomei F,1
2018,Bazzano M,1
2018,Bekinschtein P,1
2018,Belforte J,1
2018,Bellizzi Y,1
2018,Benar C,1
2018,Bentancor L,2
2018,Bernabeu R,2
2018,Bernal A,1
2018,Beron de Astrada M,1
2018,Blake M,1
2018,Blank V,1
2018,Boccia M,1
2018,Boggian D,1
2018,Bumaschny V,1
2018,Burdet J,1
2018,Capobianco E,1
2018,Capurro C,2
2018,Carbone S,1
2018,Carron R,1
2018,Castro Parodi M,1
2018,Castro-Parodi M,1
2018,Cataldi A,2
2018,Colombet B,1
2018,Cornier P,1
2018,Corominas A,1
2018,Cutrera R,1
2018,Damianich A,1
2018,Damiano A,3
2018,Del Cogliano M,1
2018,Delpiccolo C,1
2018,Di Giusto G,1
2018,Di Paola M,1
2018,Diaz A,1
2018,Elia E,1
2018,Espindola S,1
2018,Etchenique R,1
2018,Etcheverry T,1
2018,Facelli J,1
2018,Faillace M,2
2018,Farina M,2
2018,Fernandez Brando R,1
2018,Fernandez-Brando R,1
2018,Ferrario J,1
2018,Ferraro M,1
2018,Fiorentino G,2
2018,Ford P,2
2018,Franchi A,1
2018,Galli L,1
2018,Gallo F,2
2018,Gallo J,1
2018,Garbaccio S,1
2018,Garimano N,1
2018,Ghiringhelli P,1
2018,Goldstein J,2
2018,Gonzalez B,1
2018,Ibarra C,4
2018,Katche C,1
2018,Kruger A,1
2018,Lagarde S,1
2018,Leguizamon G,1
2018,Lopez Gonzalez M,1
2018,Luz D,1
2018,Martinez N,6
2018,Martorelli L,1
2018,Mata E,1
2018,Medina J,1
2018,Medina Villalon S,1
2018,Medina Y,1
2018,Medrano M,1
2018,Menge C,1
2018,Mercado E,1
2018,Miranda M,1
2018,Morici J,2
2018,Moro A,1
2018,Muniesa M,1
2018,Murer M,1
2018,Mussini N,1
2018,Natalia S,1
2018,Netti V,1
2018,Ochoa F,1
2018,Ortiz M,1
2018,Paez N,1
2018,Palermo M,4
2018,Paola M,1
2018,Pasantes-Morales H,1
2018,Paz R,2
2018,Perez-Dominguez M,1
2018,Piazza R,1
2018,Pickholz M,1
2018,Pinto A,1
2018,Pisera Fuster A,1
2018,Pisera-Fuster A,1
2018,Pizzo F,1
2018,Pizzoni A,2
2018,Quintilio W,1
2018,Ramos-Mandujano G,1
2018,Rela L,1
2018,Reppetti J,1
2018,Rivarola V,1
2018,Roehri N,1
2018,Roguin L,1
2018,Rojas-Lopez M,1
2018,Sacerdoti F,3
2018,Sanchis P,1
2018,Sarrible G,1
2018,Sartor M,1
2018,Scalise M,1
2018,Seyahian A,2
2018,Seyahian E,1
2018,Stahl A,1
2018,Szpilbarg N,2
2018,Toriano R,1
2018,Torres A,1
2018,Trotta M,1
2018,Tubert C,1
2018,Vilte D,2
2018,Weisstaub N,2
2018,Zanoni B,1
2018,Zotta E,3
2019,Acosta L,2
2019,Alvarez R,1
2019,Amaral M,3
2019,Arenas D,1
2019,Armando I,1
2019,Armentano R,1
2019,Azurmendi P,1
2019,Belforte J,2
2019,Belluscio M,1
2019,Berdasco C,1
2019,Bernabeu R,1
2019,Bertone-Cueto N,1
2019,Blake M,1
2019,Boccia M,1
2019,Brocardo L,2
2019,Bustamante J,1
2019,Calabro V,1
2019,Calo G,1
2019,Cangelosi A,1
2019,Canzonieri R,1
2019,Capurro C,3
2019,Carbone S,1
2019,Carre E,1
2019,Collazo A,1
2019,Costales-Collaguazo C,2
2019,Cutrera R,2
2019,Damiano A,3
2019,Diaz N,1
2019,Dos Santos-Rodrigues A,1
2019,Escande M,1
2019,Escudero C,1
2019,Eskow Jaunarajs K,1
2019,Etcheverry T,1
2019,Evelson P,1
2019,Faillace M,2
2019,Fainboin A,1
2019,Farina M,1
2019,Feld M,1
2019,Fernandez J,2
2019,Fischer Sigel L,1
2019,Forrester M,1
2019,Fujita Y,1
2019,Fullana J,1
2019,Galaviz-Hernandez C,1
2019,Gallino L,1
2019,Garcia-Violini D,1
2019,Garimano N,2
2019,Gaudric J,2
2019,Geoghegan P,1
2019,Gershanik O,1
2019,Ghigo A,1
2019,Giachini F,1
2019,Gobetto N,1
2019,Goldstein J,1
2019,Gomez G,1
2019,Gonzalez-Hoyos I,1
2019,Greer C,1
2019,Hashimoto K,1
2019,Hauk V,1
2019,Herreras O,1
2019,Ibarra C,3
2019,Ibarra F,1
2019,Igaz L,1
2019,Iriarte R,1
2019,Isse L,1
2019,Jancic C,1
2019,Jeevakumar V,1
2019,Jiang S,1
2019,Karadayian A,1
2019,Keifman E,1
2019,Krawczyk M,1
2019,Lagree P,1
2019,Leiros C,1
2019,Liern M,1
2019,Lombardi P,1
2019,Lombi F,1
2019,Lores-Arnaiz S,1
2019,Makarova J,1
2019,Martinez N,1
2019,Merech F,1
2019,Merlo E,1
2019,Millan J,1
2019,Mitchell C,1
2019,Moguilevsky J,1
2019,Moratalla R,2
2019,Mosqueira A,1
2019,Murer M,2
2019,Muryan A,1
2019,Nakao K,1
2019,Nakazawa K,1
2019,Nieva G,1
2019,Ochoa F,2
2019,Oddo E,1
2019,Pafundo D,1
2019,Pagani M,1
2019,Paparini D,1
2019,Paton A,1
2019,Paton J,1
2019,Paulero M,1
2019,Paz R,1
2019,Piantanida A,2
2019,Pinto A,1
2019,Piriz J,1
2019,Pisera-Fuster A,1
2019,Politei J,1
2019,Politi M,2
2019,Pomeranz V,1
2019,Ponzo O,1
2019,Pretell Annan C,1
2019,RIVA-TREM,1
2019,Ramhorst R,1
2019,Rela L,3
2019,Rengel T,1
2019,Reppetti J,2
2019,Reynoso R,1
2019,Rocco L,1
2019,Ruiz-DeDiego I,1
2019,Sacerdoti F,2
2019,Samaniego Y,1
2019,Sanchez D,1
2019,Sanchez-Pena R,1
2019,Scalise M,1
2019,Schiel A,1
2019,Sierra M,1
2019,Silberstein C,1
2019,Silva P,1
2019,Solis O,1
2019,Stern A,1
2019,Suarez L,1
2019,Taravini I,1
2019,Trimarchi H,1
2019,Valencia M,1
2019,Vallejo G,1
2019,Ventre J,1
2019,Ventura A,1
2019,Vlachovsky S,1
2019,Vota D,1
2019,Waschek J,1
2019,Zotta E,3
2020,Agudelo O,1
2020,Albert S,1
2020,Alsina R,1
2020,Alvarez A,1
2020,Alvarez R,1
2020,Amaro E,2
2020,Armony J,2
2020,Arzi A,1
2020,Ayala-Ramirez P,1
2020,Azurmendi P,1
2020,Barragan-Zuniga L,1
2020,Bartke A,1
2020,Beckman D,1
2020,Bekinschtein T,1
2020,Belforte J,1
2020,Bello E,1
2020,Belluscio M,1
2020,Beltramone N,2
2020,Bernabeu R,2
2020,Berni J,1
2020,Blanco-Castaneda R,1
2020,Blaustein M,1
2020,Bocai N,1
2020,Borbely A,1
2020,Bortman G,1
2020,Bueno J,1
2020,Bumaschny V,1
2020,Cacciagiu L,1
2020,Cadavid A,1
2020,Caffaro P,1
2020,Camera A,1
2020,Canales-Johnson A,1
2020,Capurro C,3
2020,Cattaneo V,1
2020,Charif S,1
2020,Chedotal A,1
2020,Chiou B,1
2020,Cicconi N,1
2020,Damiano A,5
2020,Dare S,1
2020,Davimes J,1
2020,Della-Maggiore V,3
2020,Di Ciano L,1
2020,Di Giusto G,2
2020,Doyon J,2
2020,Ekanem P,1
2020,Escudero C,2
2020,Faillace M,2
2020,Fang Y,1
2020,Ferran J,1
2020,Ferreyra R,1
2020,Ford P,2
2020,Freund T,1
2020,Frungieri M,1
2020,Galaviz-Hernandez C,1
2020,Gelb B,1
2020,Giachini F,2
2020,Gomez G,1
2020,Gonzalez L,1
2020,Grassi S,1
2020,Hoque A,1
2020,Hu N,1
2020,Ibarra C,1
2020,Ibarra F,1
2020,Igaz L,1
2020,Jacobacci F,3
2020,Jovicich J,2
2020,Karikari T,1
2020,Kiffer F,1
2020,Lerner G,3
2020,Lew S,1
2020,Lima V,2
2020,Lopez M,1
2020,Luchelli L,1
2020,Lunghi G,1
2020,Martinez N,1
2020,Martinez-Aguilar G,1
2020,Matzkin M,1
2020,Mazengenya P,1
2020,Mazzocchi M,1
2020,Mccallum G,1
2020,Medina Y,1
2020,Medrano M,1
2020,Meier S,1
2020,Merlo E,2
2020,Micucci G,1
2020,Miquet J,1
2020,Morales C,1
2020,Muia N,1
2020,Netti V,1
2020,Ochoa F,1
2020,Oddo E,1
2020,Olguin-Albuerne M,1
2020,Oliveira M,1
2020,Pafundo D,1
2020,Pagani M,1
2020,Paraiso-Luna J,1
2020,Piazza A,1
2020,Piazza V,1
2020,Pisera-Fuster A,2
2020,Pizzoni A,2
2020,Politi M,1
2020,Porta M,1
2020,Pradhan J,1
2020,Radiske A,1
2020,Ramos-Hryb A,1
2020,Reca A,1
2020,Reppetti J,1
2020,Ribeiro I,1
2020,Ribeiro M,1
2020,Rivarola V,2
2020,Robles R,1
2020,Rodriguez Curt J,1
2020,Roig-Puiggros S,1
2020,Rubinstein M,1
2020,Sacerdoti F,1
2020,San Martin A,1
2020,Sanchez D,1
2020,Sanjuan N,1
2020,Schellino R,1
2020,Selles M,1
2020,Seyahian E,2
2020,Shadmehr R,1
2020,Silberstein C,1
2020,Singh S,1
2020,Sosa-Macias M,1
2020,Sotelo A,1
2020,Souto P,2
2020,Szasz T,1
2020,Szpilbarg N,1
2020,Tanabe E,1
2020,Tavella M,1
2020,Theotokis P,1
2020,Tomsic D,1
2020,Trotta M,1
2020,Valquinta S,1
2020,Vigouroux R,1
2020,Vila A,1
2020,Villalta J,1
2020,Vlachovsky S,1
2020,White A,1
2020,Yeffal A,1
2020,Zold C,1
2020,Zotta E,2
2021,Accialini P,1
2021,Acosta L,1
2021,Alvarez C,2
2021,Alvarez R,2
2021,Amaral M,4
2021,Amarillo Y,1
2021,Arrizurieta E,1
2021,Azurmendi P,1
2021,Bach C,1
2021,Badin E,1
2021,Balconi S,1
2021,Basika T,1
2021,Bazzi Z,2
2021,Belforte J,1
2021,Beltramone N,1
2021,Bernal A,1
2021,Blake M,2
2021,Boccia M,2
2021,Bollati-Fogolin M,1
2021,Bomfim G,1
2021,Bustamante J,1
2021,Capurro C,3
2021,Casabona J,1
2021,Casal J,1
2021,Casale R,1
2021,Casalia M,1
2021,Cataldi A,1
2021,Cavaliere Candedo V,1
2021,Chen G,1
2021,Chiarante N,1
2021,Colazo A,2
2021,Collavini S,1
2021,Consalvo D,1
2021,Cordoba M,1
2021,Corominas A,2
2021,Corradi G,1
2021,Daghero H,1
2021,Damiano A,4
2021,Dela Justina V,1
2021,Deleglise A,1
2021,Di Ciano L,1
2021,Di Giusto G,2
2021,Diaz Vergara L,1
2021,Donnelly-Kehoe P,1
2021,Dorr R,1
2021,Dos Passos Junior R,1
2021,Duhalde Vega M,1
2021,Echevarria M,1
2021,Etcheverry T,1
2021,Faillace M,1
2021,Farias M,1
2021,Farina M,3
2021,Fernandez J,1
2021,Ferreira R,1
2021,Ford P,2
2021,Fulginiti N,1
2021,Garcia C,1
2021,Garcia Vior M,1
2021,Garcia-Miranda P,1
2021,Garcia-Sanz P,1
2021,Garcia-Venzor A,1
2021,Garimano N,1
2021,Giachini F,1
2021,Goette N,1
2021,Goldstein J,1
2021,Gomez F,3
2021,Gonzalez D,1
2021,Gonzalez J,1
2021,Gonzalez Moron D,1
2021,Gonzalez-Lebrero R,1
2021,Granado N,1
2021,Guth B,1
2021,Hattab C,1
2021,Ibarra C,4
2021,Ibarra F,1
2021,Jancic C,1
2021,Kasanetz F,1
2021,Kauffman M,1
2021,Keitelman I,1
2021,Kim A,1
2021,Kochen S,1
2021,Krawczyk M,2
2021,Larzabal M,1
2021,Lespinard A,1
2021,Liern M,2
2021,Lima V,1
2021,Lino-de-Oliveira C,1
2021,Loureiro F,1
2021,Luz D,1
2021,Maldonado R,1
2021,Marino J,1
2021,Martin A,1
2021,Martinez N,3
2021,Medina Y,4
2021,Melamud L,1
2021,Melo B,1
2021,Millan J,2
2021,Molineris M,1
2021,Montenegro M,1
2021,Moratalla R,1
2021,Moro A,1
2021,Mostoslavsky G,1
2021,Murer M,5
2021,Nasimbera A,1
2021,Netti V,1
2021,Nevian T,1
2021,Nunez-Goluboay K,1
2021,Oddo E,1
2021,Ostuni M,1
2021,Pafundo D,1
2021,Pagani M,1
2021,Palermo M,1
2021,Palligas M,1
2021,Pascariello G,1
2021,Pasquini J,1
2021,Paton A,1
2021,Paton J,1
2021,Paz R,2
2021,Piazza R,1
2021,Pinto A,1
2021,Pitossi F,1
2021,Pizzoni A,1
2021,Podlesniy P,1
2021,Porporatto C,1
2021,Presta A,1
2021,Pretell Annan C,1
2021,Princich J,1
2021,Quinta H,1
2021,Quintilio W,1
2021,Ramirez M,1
2021,Ramos-Hryb A,1
2021,Rela L,2
2021,Reppetti J,3
2021,Rinaldi D,1
2021,Rivarola V,1
2021,Roguin L,1
2021,Rosato M,1
2021,Rosso D,1
2021,Sacerdoti F,3
2021,Sanhueza Salas L,1
2021,Sanz-Magro A,1
2021,Saraco N,1
2021,Schachter J,1
2021,Schwarzbaum P,2
2021,Seoane P,1
2021,Sevigny J,1
2021,Shiromizu C,1
2021,Sidhu S,1
2021,Silberman D,1
2021,Silberstein C,1
2021,Sodero S,1
2021,Solis O,1
2021,Stahl A,1
2021,Szpilbarg N,1
2021,Toiber D,1
2021,Toriano R,1
2021,Trullas R,1
2021,Tubert C,2
2021,Urbano F,1
2021,Vallejo G,2
2021,Vallejo-Azar M,1
2021,Valli F,1
2021,Veron Do Santos J,1
2021,Vlachovsky S,1
2021,Zotta E,4
2021,de Freitas R,1
2022,'t Hart B,1
2022,Aguiar A,1
2022,Aguilar L,1
2022,Albert S,1
2022,Alleva K,1
2022,Alves de Freitas R,1
2022,Amaral M,4
2022,Anderson M,1
2022,Arenas-Mosquera D,1
2022,Asis S,1
2022,Avaca H,1
2022,Ayala-Ramirez P,1
2022,Balestracci A,1
2022,Ballarini F,1
2022,Ballestero J,1
2022,Beccaria J,1
2022,Bekinschtein P,2
2022,Belforte J,2
2022,Belluscio M,2
2022,Berardino B,1
2022,Berdasco C,1
2022,Bernabeu R,2
2022,Blake M,1
2022,Boccia M,1
2022,Braz B,1
2022,Brughera A,1
2022,Caceres Monie C,1
2022,Canepa E,1
2022,Canessa Fortuna A,1
2022,Cangelosi A,1
2022,Casal J,2
2022,Casale R,1
2022,Cerny N,1
2022,Chara O,1
2022,Charif S,1
2022,Chertoff M,1
2022,Chevriau J,1
2022,Cicuttin G,1
2022,Coletti M,1
2022,Coll C,1
2022,Correale J,1
2022,Damiano A,3
2022,De Marzi M,1
2022,Della-Maggiore V,3
2022,Di Paola M,1
2022,Di Pietro A,1
2022,Dorr R,2
2022,Escudero C,2
2022,Faillace M,2
2022,Fernandez J,1
2022,Fernandez N,1
2022,Ferreira R,1
2022,Fischer Sigel L,1
2022,Galaviz-Hernandez C,1
2022,Gallo F,2
2022,Garcia-Robles R,2
2022,Garimano N,2
2022,Geoghegan P,1
2022,Giachini F,2
2022,Goldstein J,1
2022,Gomez F,1
2022,Gonzalez L,1
2022,Gonzalez M,1
2022,Guido R,1
2022,Haith A,1
2022,Henrique C,1
2022,Henrique I,1
2022,Henriques D,1
2022,Ibarra C,5
2022,Igaz L,3
2022,Ihidoype M,1
2022,Jang J,1
2022,Keifman E,2
2022,Krakauer J,1
2022,Krawczyk M,1
2022,Leonino P,1
2022,Lerner G,1
2022,Luczywo A,1
2022,Luz D,1
2022,Malchiodi E,1
2022,Marcora M,1
2022,Marder M,1
2022,Martinez M,2
2022,McAlpine D,1
2022,Medina C,1
2022,Medina J,1
2022,Mellado M,1
2022,Mendez P,1
2022,Millan J,1
2022,Miranda M,2
2022,Modchalingam S,1
2022,Morici J,3
2022,Murer M,4
2022,Oliva G,1
2022,Oliveira de Souza J,1
2022,Padola N,1
2022,Pafundo D,1
2022,Pasquini J,1
2022,Pasquini L,1
2022,Paz R,2
2022,Pereyra A,1
2022,Perez-Chada D,2
2022,Piazza R,1
2022,Pinto A,1
2022,Piriz J,1
2022,Pisera-Fuster A,1
2022,Politi M,1
2022,Pretell Annan C,1
2022,Proulx C,1
2022,Quintero-Arciniegas L,1
2022,Rela L,1
2022,Riquelme L,2
2022,Rocco L,1
2022,Sacerdoti F,2
2022,Sachella T,1
2022,Salvanal L,1
2022,Sanchez D,1
2022,Sanz M,1
2022,Scalise M,2
2022,Schiavone M,1
2022,Scochera F,1
2022,Shadmehr R,1
2022,Sierra M,1
2022,Silberstein C,2
2022,Silva A,3
2022,Silva Pinto P,1
2022,Solano A,2
2022,Soto G,1
2022,Souza G,1
2022,Spagnuolo D,1
2022,Stahl A,1
2022,Tello Santacruz I,1
2022,Toriano R,3
2022,Tubert C,2
2022,Vassallu M,1
2022,Vence M,1
2022,Weisstaub N,3
2022,Wies Mancini V,1
2022,Zanoni Saad M,1
2022,Zeida A,1
2022,Zerbetto De Palma G,1
2022,Zold C,3
2022,de Olmos S,1
2023,Abad C,1
2023,Ackerman J,1
2023,Acuna M,1
2023,Affranchino N,1
2023,Aguayo C,1
2023,Alberquilla S,1
2023,Amaral M,2
2023,Amaro E,1
2023,Appel-Rubio J,1
2023,Araujo G,1
2023,Araya J,1
2023,Armony J,1
2023,Arrizurieta E,1
2023,Ayala-Ramirez P,1
2023,Azurmendi P,2
2023,Baleani S,1
2023,Ballester C,1
2023,Barbehenn A,1
2023,Barragan-Zuniga L,1
2023,Belforte J,1
2023,Berdasco C,1
2023,Biani C,1
2023,Birnberg-Weiss F,1
2023,Blake M,1
2023,Blanco-Castaneda R,1
2023,Bueno-Sanchez J,1
2023,Busch M,1
2023,Cangelosi A,1
2023,Carbajosa N,1
2023,Carrasco-Wong I,1
2023,Castillo Montanez L,1
2023,Castro E,1
2023,Cazalas M,1
2023,Celi A,1
2023,Celia A,1
2023,Cervetto V,1
2023,Chiappetta D,1
2023,Ciotti A,1
2023,Coll C,1
2023,Correa F,1
2023,Cosentino M,1
2023,Damiano A,5
2023,De Carli D,1
2023,De Carli M,1
2023,De Luna P,1
2023,Deeks S,1
2023,Deleglise A,1
2023,Della-Maggiore V,1
2023,Di Ciano L,2
2023,Donnelly-Kehoe P,1
2023,Doyon J,1
2023,Dwivedi A,1
2023,EMSKC Group,1
2023,Eriz-Salinas A,1
2023,Escudero C,2
2023,Escudero P,1
2023,Fabi M,1
2023,Falkowska M,1
2023,Farina M,1
2023,Fernandez G,1
2023,Furmento V,1
2023,Galaviz-Hernandez C,2
2023,Garcia-Robles R,1
2023,Geoghegan P,1
2023,Giachini F,2
2023,Gibson E,1
2023,Gironacci M,1
2023,Goldaracena P,1
2023,Goldsman A,1
2023,Goldstein J,1
2023,Gomez F,1
2023,Gonzalez G,1
2023,Gonzalez-Ortiz M,1
2023,Gornalusse G,1
2023,Guevara D,1
2023,Guzman-Gutierrez E,1
2023,Hecht F,1
2023,Henrich T,1
2023,Hladik F,1
2023,Hobbs K,1
2023,Hoh R,1
2023,Hortas M,1
2023,Huang M,1
2023,Ibarra C,1
2023,Ibarra F,2
2023,Ilarraz C,1
2023,Jacobacci F,1
2023,Jancic C,1
2023,Jerome K,1
2023,Jovicich J,1
2023,Kasanetz F,2
2023,Keifman E,1
2023,La Greca A,1
2023,Landoni V,1
2023,Lee S,1
2023,Levy C,1
2023,Lima V,1
2023,Lombardi A,1
2023,Lombardo T,1
2023,Luzzani C,1
2023,Macias-Salas A,1
2023,Magliola R,1
2023,Manso P,1
2023,Marin R,1
2023,Martin J,1
2023,Martin S,1
2023,Martinez N,1
2023,Martire-Greco D,1
2023,Mennickent D,1
2023,Milush J,1
2023,Miriuka S,1
2023,Moller A,1
2023,Moratalla R,1
2023,Moretton M,1
2023,Murer M,2
2023,Nevian T,1
2023,Norris A,1
2023,Nunez M,1
2023,Oddo E,2
2023,Opazo M,1
2023,Pan T,1
2023,Pancani T,1
2023,Pascuale C,1
2023,Pena S,1
2023,Pilcher C,1
2023,Pinto A,1
2023,Pittaluga J,1
2023,Reig R,1
2023,Reppetti J,1
2023,Riedel C,1
2023,Rios Leiva C,1
2023,Rodrigues-Rodriguez N,1
2023,Rodriguez A,1
2023,Roggiero G,1
2023,Roychoudhury P,1
2023,Sacerdoti F,2
2023,Saez M,1
2023,Sardella A,1
2023,Sicurello M,1
2023,Siegel D,1
2023,Silberstein C,1
2023,Solerno M,1
2023,Sosa-Macias M,2
2023,Stojanova J,1
2023,Stone M,1
2023,Surmeier D,1
2023,Teran E,1
2023,Thanh C,1
2023,Tkatch T,1
2023,Toledo J,1
2023,Tolin A,1
2023,Toro A,1
2023,Triguy J,1
2023,Trujillo M,1
2023,Tubert C,1
2023,Urrutia L,1
2023,Vaccarello M,1
2023,Vainstein E,1
2023,Villalba C,1
2023,Vlachovsky S,1
2023,Vo P,1
2023,Yeffal A,1
2023,Zampese E,1
2023,Zold C,1
2023,on behalf RIVATREM,1
2024,Amaral M,1
2024,Arenas-Mosquera D,1
2024,Arini P,1
2024,Azurmendi P,1
2024,Barril C,1
2024,Bekinschtein P,1
2024,Belardo M,1
2024,Belluscio M,2
2024,Bernabeu R,1
2024,Bernal A,1
2024,Caffaro P,1
2024,Calle-Castillejo C,1
2024,Cangelosi A,1
2024,Capurro C,1
2024,Castro-Parodi M,1
2024,Cebral E,1
2024,Cerny N,1
2024,Coletti M,1
2024,Cremaschi G,1
2024,Da Rocha M,1
2024,Damiano A,2
2024,De Marzi M,1
2024,Deleglise A,1
2024,Della-Maggiore V,2
2024,Di Ciano L,1
2024,Echevarria M,1
2024,Faillace M,1
2024,Fernandez-Brando R,1
2024,Fischer Sigel L,1
2024,Geoghegan P,1
2024,Giachini F,1
2024,Goette N,1
2024,Goldstein J,1
2024,Gonzalez-Vinceiro L,1
2024,Griffa G,1
2024,Gualdoni G,1
2024,Hiraldo-Gonzalez L,1
2024,Hryciw D,1
2024,Ibarra C,1
2024,Ibarra F,1
2024,Igaz L,1
2024,Larocca M,1
2024,Lerner G,1
2024,Malchiodi E,1
2024,Mayo F,1
2024,Mayo M,1
2024,Merlo E,1
2024,Merlo S,1
2024,Miranda M,1
2024,Morici J,1
2024,Netti V,1
2024,Oddo E,1
2024,Ortiz J,1
2024,Palermo M,1
2024,Paz L,1
2024,Pedreira M,1
2024,Perez-Chada D,1
2024,Pinto A,1
2024,Ramirez-Lorca R,1
2024,Riquelme L,1
2024,Rocco L,1
2024,Rodriguez R,1
2024,Rodriguez-Gomez F,1
2024,Rosso O,1
2024,Sacerdoti F,2
2024,Sanchez D,1
2024,Silberstein C,2
2024,Silva A,1
2024,Sobrevia L,1
2024,Solano A,1
2024,Valverde E,1
2024,Vampa V,1
2024,Vassallu F,1
2024,Vila Petroff M,1
2024,Vlachovsky S,1
2024,Zotta E,1
2025,Abad C,1
2025,Acevedo J,1
2025,Alicia D,1
2025,Alipio P,1
2025,Alvarez R,1
2025,Amaral M,1
2025,Arias S,1
2025,Arredondo S,1
2025,Azpiazu M,1
2025,Bademosi A,1
2025,Balestracci A,2
2025,Belforte J,2
2025,Bello E,1
2025,Beltramone N,1
2025,Blizzard C,1
2025,Boccaccio G,1
2025,Bochicchio P,1
2025,Bodin D,1
2025,Bongiovanni V,1
2025,Borrat A,1
2025,Brown-Wright H,1
2025,Cao M,1
2025,Capurro C,2
2025,Casal J,1
2025,Castro Parodi M,1
2025,Celi A,1
2025,Chang M,1
2025,Chavez A,1
2025,Chye Y,1
2025,Cocca M,1
2025,Correale J,1
2025,Cutrera N,1
2025,Damiano A,4
2025,De Pino G,1
2025,Deleglise A,1
2025,Della-Maggiore V,2
2025,Di Ciano L,1
2025,Di Giusto G,3
2025,Di Paola M,1
2025,Estay S,1
2025,Etcheverry T,1
2025,Evangelisti F,1
2025,Fabian L,1
2025,Fanelli M,1
2025,Farina M,2
2025,Fernandez N,1
2025,Fischer Sigel L,1
2025,Ford P,2
2025,Fuenzalida M,1
2025,Galo A,1
2025,Garcia-Rojas F,1
2025,Garcia-Verdugo M,1
2025,German G,1
2025,Giron Reyes D,1
2025,Goldstein J,1
2025,Gomez Acosta M,1
2025,Gomez F,1
2025,Gornalusse G,1
2025,Granado N,1
2025,Griffa G,2
2025,Gustincich S,1
2025,Harutyunyan A,1
2025,Huang S,1
2025,Ibarra C,1
2025,Ibarra F,1
2025,Igaz L,3
2025,Jacobacci F,1
2025,Jercog P,1
2025,Jorge G,1
2025,Katz M,3
2025,Lacour A,1
2025,Lanciego J,1
2025,Lee H,1
2025,Luan W,1
2025,Madrid San Martin L,1
2025,Marcora M,1
2025,Mariana F,1
2025,Marin R,1
2025,Martinez N,2
2025,Melani M,2
2025,Mendieta L,1
2025,Miret N,1
2025,Molina Ponce T,1
2025,Moratalla R,2
2025,Murer M,3
2025,Netti V,1
2025,Nora M,1
2025,Pagani M,1
2025,Palombo M,1
2025,Pasquini J,1
2025,Paz R,1
2025,Perez-Chada D,1
2025,Perez-Pandolfo S,1
2025,Perez-Perri J,1
2025,Peters T,1
2025,Pinto A,1
2025,Ramos Aloi A,1
2025,Randi A,1
2025,Rayes D,1
2025,Rela L,1
2025,Reppetti J,3
2025,Reynoso M,1
2025,Rivarola V,1
2025,Robinson K,1
2025,Rodriguez F,1
2025,Rodriguez-Martin P,1
2025,Sacerdoti F,1
2025,San Gil R,1
2025,Sanchez Armijos K,1
2025,Sanchez D,1
2025,Santander O,1
2025,Schonfeld D,1
2025,Scotter E,1
2025,Sierra M,1
2025,Silberstein C,1
2025,Solano A,1
2025,Solomons D,1
2025,Sommario N,1
2025,Sorianello E,1
2025,Stahl A,1
2025,Sterba J,1
2025,Tizabi Y,1
2025,Tomas E,1
2025,Tubert C,1
2025,Uehara J,1
2025,Varela-Nallar L,1
2025,Vassallu F,3
2025,Venturato J,1
2025,Vigo D,1
2025,Vlachovsky S,1
2025,Walker A,1
2025,Wappner P,2
2025,West P,1
2025,Wu H,1
2025,Yeffal A,1
2026,Acurio J,1
2026,Agostino P,1
2026,Aguilar L,1
2026,Alberquilla S,1
2026,Alexander A,1
2026,Alford S,1
2026,Alvarez A,1
2026,Alzheimer's Association Innovation Roundtable,1
2026,Amaral M,1
2026,Arias L,1
2026,Ayala-Ramirez P,1
2026,Azevedo V,1
2026,Barba V,1
2026,Barragan-Zuniga L,1
2026,Belforte J,2
2026,Belluscio M,1
2026,Beltramone N,1
2026,Blanco M,1
2026,Bom A,1
2026,Borbely A,1
2026,Bortman G,2
2026,Breithaupt A,1
2026,Bumaschny V,1
2026,Burgos C,1
2026,Caltana L,1
2026,Canteras N,1
2026,Capurro C,4
2026,Carbonari C,1
2026,Cardenas F,1
2026,Cardona P,1
2026,Carrasquillo Y,1
2026,Carreira M,1
2026,Casal J,2
2026,Casale R,1
2026,Castro Parodi M,1
2026,Celi A,1
2026,Chatel J,1
2026,Chen G,1
2026,Chinen I,1
2026,Cocca M,1
2026,Corominas A,1
2026,Cutrera N,1
2026,Damiano A,7
2026,Daniels A,1
2026,Daven M,1
2026,Deaner N,1
2026,Della-Maggiore V,1
2026,Depino A,1
2026,Dezzutti L,1
2026,Di Benedetto S,1
2026,Di Giusto G,3
2026,Duenas Z,1
2026,Dujovne N,1
2026,Echevarria M,1
2026,Enriquez-Mendiola D,1
2026,Escudero C,1
2026,Etcheverry T,1
2026,Farina M,1
2026,Fernandez N,1
2026,Ferrary Americo M,1
2026,Ferreira R,1
2026,Ferreiros A,1
2026,Ferreyra R,2
2026,Fischer Sigel L,1
2026,Fonseca S,1
2026,Ford P,2
2026,Galaviz-Hernandez C,2
2026,Garcia-Robles R,1
2026,Garzon V,1
2026,Giachini F,1
2026,Giron D,1
2026,Goldstein J,1
2026,Gomes Pio M,1
2026,Gomez F,1
2026,Gomez G,1
2026,Gornalusse G,1
2026,Griffa G,1
2026,Grippo A,1
2026,Henrique C,1
2026,Henrique I,1
2026,Henry C,1
2026,Huang S,1
2026,Igaz L,4
2026,Iribarne J,1
2026,Izurieta M,1
2026,Kasanetz F,1
2026,Lacour A,1
2026,Lazalde-Ramos B,1
2026,Lazzati J,1
2026,Lee H,1
2026,Lopez Ambrosioni F,1
2026,Lopez M,1
2026,Luz D,1
2026,Marchat L,1
2026,Marini M,1
2026,Marques da Silva W,3
2026,Marti J,1
2026,Martinez M,1
2026,Martinez N,1
2026,Mechali A,1
2026,Medina Y,1
2026,Merino-Serrais P,1
2026,Miliwebsky E,1
2026,Moncada D,1
2026,Montiel J,1
2026,Moratalla R,1
2026,Murer M,3
2026,Naik A,1
2026,Netti V,2
2026,Nieva G,1
2026,Olazabal D,1
2026,Palacios D,1
2026,Palombo M,1
2026,Paz R,1
2026,Perello M,1
2026,Pertusa M,1
2026,Piazza A,2
2026,Piazza R,1
2026,Pinto A,1
2026,Politi M,2
2026,Possin K,1
2026,Ramos A,1
2026,Ramos-Aloi A,1
2026,Rayes D,1
2026,Rela L,1
2026,Renfijes M,1
2026,Reppetti J,1
2026,Reynaldo M,1
2026,Reynoso M,2
2026,Riboldi J,1
2026,Rivarola V,1
2026,Rivolta C,1
2026,Rocha L,1
2026,Rodriguez-Labrada R,1
2026,Romussi S,1
2026,Sabbagh M,1
2026,Sacerdoti F,1
2026,Salas-Prieto C,1
2026,Sanchez D,1
2026,Sanchez-Vincitore L,1
2026,Sidhu S,1
2026,Sierra M,1
2026,Sifuentes-Garcia J,1
2026,Silberstein C,1
2026,Simental-Mendia L,1
2026,Singh S,1
2026,Solano A,1
2026,Solimine F,1
2026,Sosa-Macias M,2
2026,Stahl A,1
2026,Taravini I,1
2026,Targovnik H,1
2026,Tubert C,1
2026,Valdivia S,1
2026,Valenzuela-Torres P,1
2026,Vassallu F,3
2026,Verano-Braga T,1
2026,Vertiz-Hernandez A,1
2026,Vilela Rodrigues T,1
2026,Viola H,1
2026,Yeffal A,1
2026,Zappa J,1
2026,Zotta E,1
